title_f,title_r,sentiment_f_transformers,sentiment_r_transformers,sentiment_f_textblob,sentiment_r_textblob,sentiment_f_natural,sentiment_r_natural,sentiment_f_sentiment,sentiment_r_sentiment,heuristics
"Bill Gates: ‚ÄúI think Donald Trump will go down to history as one of the greatest presidents, just like Reagan.‚Äù","No, Bill Gates didn't tweet Donald Trump will be 'one of the greatest presidents'",POSITIVE,NEGATIVE,NEGATIVE,NEGATIVE,POSITIVE,NEGATIVE,NEUTRAL,NEUTRAL,True
Obama Orders Life-Sized Bronze Statute of Himself To Be Permanently Installed in White House,"No, Former President Obama Didn't Build a Statue of Himself for the White House",POSITIVE,NEGATIVE,NEUTRAL,NEUTRAL,NEUTRAL,NEUTRAL,NEUTRAL,NEUTRAL,True
"MITT ROMNEY: ‚ÄòTRUMP HAS SOME VERY SERIOUS EMOTIONAL PROBLEMS, HE MUST RESIGN BEFORE WE‚Ä¶‚Äô",NOT REAL NEWS: Mitt Romney did not call on Trump to resign,NEGATIVE,NEGATIVE,POSITIVE,POSITIVE,NEGATIVE,POSITIVE,NEUTRAL,NEUTRAL,False
FDA Announced That Vaccines Are Causing Autism,FDA did not issue new statement on vaccines and autism,NEGATIVE,NEGATIVE,NEGATIVE,NEUTRAL,NEUTRAL,NEUTRAL,NEUTRAL,NEUTRAL,False
Melania Trump Hired Exorcist To ‚ÄòCleanse White House Of Obama Demons‚Äô,First lady did not hire exorcist for White House,NEGATIVE,NEGATIVE,NEGATIVE,NEUTRAL,NEUTRAL,NEUTRAL,NEUTRAL,NEUTRAL,False
Drake Can‚Äôt Stop Lusting After Rihanna Now That She‚Äôs Happy With New BF Hassan Jameel,"No, Drake Isn't 'Lusting After Rihanna,' Despite New Rumors",POSITIVE,POSITIVE,NEGATIVE,NEGATIVE,POSITIVE,NEUTRAL,NEUTRAL,NEUTRAL,True
People believe George Clooney is going to run for president in 2020,"No politics, please! George Clooney won't run for president, says he is not qualified enough ",POSITIVE,NEGATIVE,NEUTRAL,NEUTRAL,NEUTRAL,NEGATIVE,NEUTRAL,NEUTRAL,True
'This is McCarthyism!': Trump accuses Obama of 'wire-tapping' his office before election,Trump‚Äôs baseless wiretap claim,NEGATIVE,NEGATIVE,NEUTRAL,NEUTRAL,NEGATIVE,NEUTRAL,NEUTRAL,NEUTRAL,False
Kendall Jenner Not The ‚ÄòBoss From Hell‚Äô Who Mistreats Her Employees [Debunked],Kendall Jenner was reportedly rude to waitress/Skins actress; 'threw' money in her face,NEGATIVE,NEGATIVE,POSITIVE,NEUTRAL,POSITIVE,NEGATIVE,NEUTRAL,NEUTRAL,False
"Fact-Check: No, Fall River, Massachusetts, Was Not ‚ÄòBuilt by Immigrants‚Äô",No surprise here; PolitiFact finds Breitbart's Fall River fact-check false,NEGATIVE,NEGATIVE,POSITIVE,NEUTRAL,POSITIVE,POSITIVE,NEUTRAL,NEUTRAL,True
Does Blake Shelton Have A Drinking Problem? New Details About The Fall He Took On Stage After Drinking 'A Lot',Blake Shelton says he's not a drunk and he didn't pee in public,NEGATIVE,NEGATIVE,NEGATIVE,NEGATIVE,NEGATIVE,POSITIVE,NEUTRAL,NEUTRAL,False
Oscar Pistorius Attempts To Commit Suicide,Oscar Pistorius denies attempting suicide in jail,NEGATIVE,NEGATIVE,POSITIVE,NEUTRAL,NEGATIVE,NEGATIVE,NEUTRAL,NEUTRAL,False
Why the Golden Globes doesn't have an In Memoriam segment,"No, the Golden Globes Didn't Forget the In Memoriam Segment...It Just Didn't Air on TV	",NEGATIVE,NEGATIVE,NEGATIVE,NEGATIVE,NEGATIVE,POSITIVE,NEUTRAL,NEUTRAL,True
Did Beyonc√© and Jay-Z Spend $10 Million on Their Newborn Twins?,Rumor Bust! Beyonc√© and Jay-Z Have Not Spent $10M on Twins,NEGATIVE,NEGATIVE,NEGATIVE,NEUTRAL,NEUTRAL,NEUTRAL,NEUTRAL,NEUTRAL,False
Kris Jenner Offers Lamar Odom $20M To Scrap His Upcoming Memoir,Rumor Bust! Kris Jenner Did Not Offer Lamar Odom $20M to Scrap Tell-All,NEGATIVE,NEGATIVE,NEUTRAL,NEGATIVE,NEUTRAL,NEUTRAL,NEUTRAL,NEUTRAL,False
Queen orders Meghan Markle into royal bootcamp,Rumor Bust! Meghan Markle Not Ordered to Complete 'Royal Boot Camp',POSITIVE,NEGATIVE,NEGATIVE,NEUTRAL,NEUTRAL,NEUTRAL,NEUTRAL,NEUTRAL,False
New Law Makes it Illegal to Shower and Do Laundry on Same Day,"No, it‚Äôs not illegal take shower and do laundry on same day in California",NEGATIVE,POSITIVE,NEGATIVE,POSITIVE,NEGATIVE,POSITIVE,NEUTRAL,NEUTRAL,True
Mel Gibson: Hollywood Pedophiles Have Nowhere Left To Hide,There is no public evidence that Mel Gibson accused Hollywood of child sacrifices and paedophilia,NEGATIVE,NEGATIVE,NEUTRAL,NEUTRAL,NEGATIVE,POSITIVE,NEUTRAL,NEUTRAL,False
BREAKING: MALIA OBAMA EXPELLED FROM HARVARD,Fake news claims Malia Obama was expelled from Harvard for drug violation,NEGATIVE,NEGATIVE,POSITIVE,NEUTRAL,NEGATIVE,NEGATIVE,NEUTRAL,NEUTRAL,True
Jennifer Aniston's Pregnant! Or Is She? All The Baby Rumors Over Nearly 20 Years,"I am not pregnant, what I am is fed up: Jennifer Aniston",POSITIVE,NEGATIVE,POSITIVE,NEGATIVE,NEUTRAL,NEUTRAL,NEUTRAL,NEUTRAL,False
Will Jennifer Aniston And Brad Pitt Give Love A Second Chance?,Jennifer Aniston allegedly doubts she could get back together with Brad Pitt,POSITIVE,NEGATIVE,POSITIVE,NEGATIVE,POSITIVE,NEUTRAL,NEUTRAL,NEUTRAL,False
CONFIRMED: Brad Pitt and Jennifer Aniston - 'They're back on!',"Jennifer Aniston, Brad Pitt finally accept that they couldn‚Äôt get back together: Rumor",POSITIVE,NEGATIVE,NEUTRAL,NEGATIVE,POSITIVE,POSITIVE,NEUTRAL,NEUTRAL,False
"Inside Julia Roberts and Danny Moder‚Äôs ‚Äòreally solid, loving marriage‚Äô",Julia Roberts broke up with her husband,POSITIVE,NEGATIVE,NEUTRAL,NEGATIVE,POSITIVE,NEGATIVE,NEUTRAL,NEUTRAL,False
Is Kate Middleton having twins? Prince William had this to say - what is the likelihood?,Prince William Confirms Kate Middleton isn‚Äôt having twins,POSITIVE,NEGATIVE,NEUTRAL,NEUTRAL,NEUTRAL,NEUTRAL,NEUTRAL,NEUTRAL,False
Sandra Bullock‚Äôs Getting Hitched,Sandra Bullock 'Refuses' To Tie The Knot With Longtime Boyfriend Bryan Randall,POSITIVE,NEGATIVE,NEUTRAL,NEUTRAL,NEUTRAL,NEGATIVE,NEUTRAL,NEUTRAL,False
Caitlyn Jenner is planning a NUDE photo shoot,"No, Caitlyn Jenner is not posing nude",POSITIVE,NEGATIVE,NEUTRAL,NEUTRAL,NEGATIVE,NEUTRAL,NEUTRAL,NEUTRAL,True
Was Kanye involved with Amanda Lepore before Kim K.?,Kanye West Didn't Have Relationship With Transgender Artist Amanda Lepore,POSITIVE,NEGATIVE,NEUTRAL,NEUTRAL,NEUTRAL,NEUTRAL,NEUTRAL,NEUTRAL,False
Kris Jenner's fiance says she was sleeping with OJ Simpson,O.J. Simpson denies sleeping with Kris Jenner,NEGATIVE,NEGATIVE,NEUTRAL,NEUTRAL,NEUTRAL,NEGATIVE,NEUTRAL,NEUTRAL,False
"Sofia Vergara and Joe Manganiello Defend Marriage, SLAM Haters on Instagram",Sof√≠a Vergara and Joe Manganiello divorcing after seven years of marriage,POSITIVE,NEGATIVE,NEUTRAL,NEUTRAL,NEGATIVE,NEUTRAL,NEUTRAL,NEUTRAL,False
Will Smith's wife Jada Pinkett Smith admits she had an affair with August Alsina,Jada Pinkett Smith insists she did not cheat on Will Smith: We‚Äôre in a ‚Äòbeautiful place‚Äô,NEGATIVE,POSITIVE,NEGATIVE,NEUTRAL,NEGATIVE,NEUTRAL,NEUTRAL,NEUTRAL,False
"Adele NOT Panicking About Entourage Missing Grammys, Despite Report",Why Adele Was So Nervous at the Grammys: How the Show Went Wrong for Her Last Year,POSITIVE,NEGATIVE,POSITIVE,POSITIVE,POSITIVE,NEGATIVE,NEUTRAL,NEUTRAL,False
Are Gwen Stefani & Blake Shelton Engaged In 2017? The Couple Has Been Going Strong For Years,Gwen Stefani Denies She's Engaged to Blake Shelton Despite Ellen DeGeneres Trying to Trick Her,POSITIVE,NEGATIVE,NEUTRAL,NEGATIVE,POSITIVE,NEGATIVE,NEUTRAL,NEUTRAL,False
Jennifer Aniston's shock news: Pregnant and in hiding,"Jennifer Aniston Slams 'Lies' She Wouldn't Have a Baby with Brad Pitt, Opens Up About Infertility",NEGATIVE,POSITIVE,NEUTRAL,NEGATIVE,NEGATIVE,NEGATIVE,NEUTRAL,NEUTRAL,False
Beyonce‚Äôs rep slams reports that Beyonce‚Äôs lips are not all-natural preggo-lips,"Beyonc√©'s Rep Shuts Down Claim the Mom-to-Be Had Lip Injections While Pregnant: 'You Are the Saddest Individuals'
",NEGATIVE,NEGATIVE,NEGATIVE,NEUTRAL,NEGATIVE,NEUTRAL,NEUTRAL,NEUTRAL,False
"Gayle King thinks Oprah is ""intrigued"" by idea of a presidential run",Oprah Winfrey Explains Why She Won't Run for President in 2020: 'It Would Kill Me',POSITIVE,NEGATIVE,NEUTRAL,NEUTRAL,POSITIVE,NEUTRAL,NEUTRAL,NEUTRAL,False
Teri Hatcher Broke And Homeless,"Teri Hatcher Denies That She's 'Broke, Homeless and Living Out' of Her Van: 'It's Totally Absurd'",NEGATIVE,NEGATIVE,POSITIVE,NEUTRAL,NEGATIVE,NEGATIVE,NEUTRAL,NEUTRAL,False
Miley Cyrus Jennifer Hudson Fighting,Miley Cyrus E Jennifer Hudson 'Fighting' No ‚ÄòThe Voice‚Äô Is Fake News,POSITIVE,NEGATIVE,POSITIVE,NEUTRAL,NEGATIVE,POSITIVE,NEUTRAL,NEUTRAL,True
Scott Disick Allegedly Got $2 Million For His Reaction To Kourtney Kardashian's Engagement On New Hulu Show ,Scott Disick Not Demanding $1 Million Per Episode To Appear On 'The Kardashians' Despite Reports,NEGATIVE,POSITIVE,NEUTRAL,NEGATIVE,POSITIVE,POSITIVE,NEUTRAL,NEUTRAL,False
"Julia Roberts NOT Forcing Danny Moder To Follow Detox Diet, Despite Report",Pretty Flabby Woman? Julia‚Äôs Detox Diet Driving Danny Moder Mad,POSITIVE,NEGATIVE,POSITIVE,NEUTRAL,POSITIVE,NEGATIVE,NEUTRAL,NEUTRAL,False
"Mandy Moore, Milo Ventimiglia NOT Feuding On ‚ÄòThis Is Us‚Äô Set, Despite Report",This Is Us' Bust! Mandy Moore & Milo Ventimiglia's On-Set Feud Shaking Up Show,POSITIVE,NEGATIVE,NEUTRAL,NEUTRAL,NEGATIVE,POSITIVE,NEUTRAL,NEUTRAL,False
Paris Jackson ‚Äô s Family Trying To Send Her Back To Rehab  Report,Paris Jackson Denies Having a ‚ÄòMeltdown‚Äô Over Michael Jackson Documentary Controversy,NEGATIVE,NEGATIVE,NEUTRAL,NEUTRAL,POSITIVE,NEGATIVE,NEUTRAL,NEUTRAL,False
Vanessa Kirby shoots down Tom Cruise marriage rumors,"Vanessa Kirby, Tom Cruise didn't discuss wedding rumours",NEGATIVE,NEGATIVE,NEUTRAL,POSITIVE,NEGATIVE,NEUTRAL,NEUTRAL,NEUTRAL,False
Jennifer Garner And Josh Duhamel Have Been Secretly Dating For Months,Josh Duhamel: I‚Äôm Not Hooking Up With Jennifer Garner!,POSITIVE,NEGATIVE,NEUTRAL,POSITIVE,NEUTRAL,NEUTRAL,NEUTRAL,NEUTRAL,False
Obama Administration Kept Illegal Mexican Kids In Detention Camps As ‚ÄúExperiment‚Äù,President Trump Falsely Claims Obama Began Migrant Family Separations,NEGATIVE,NEGATIVE,POSITIVE,POSITIVE,NEGATIVE,NEGATIVE,NEUTRAL,NEUTRAL,True
Are Selena Gomez & The Weeknd Working On A Movie Together?,Selena Gomez not collaborating with The Weeknd,POSITIVE,NEGATIVE,NEUTRAL,NEUTRAL,NEUTRAL,NEUTRAL,NEUTRAL,NEUTRAL,False
Mike Tyson Offered SERIOUS Ca$h To Fight Russian Dictator Vladimir Putin,Mike Tyson won't intervene in Russian President Vladimir Putin's invasion of Ukraine,NEGATIVE,NEGATIVE,NEUTRAL,POSITIVE,NEGATIVE,POSITIVE,NEUTRAL,NEUTRAL,False
Beckham divorced his wife. David and Victoria Beckham,David and Victoria Beckham Shut Down Rumors That They're Getting a Divorce,NEGATIVE,POSITIVE,POSITIVE,NEUTRAL,NEUTRAL,NEUTRAL,NEUTRAL,NEUTRAL,False
Victoria & David Beckham Heartbreaking $1 Billion Divorce? The Truth,David and Victoria Beckham Shut Down Rumors That They're Getting a Divorce,NEGATIVE,POSITIVE,POSITIVE,NEUTRAL,NEGATIVE,NEUTRAL,NEUTRAL,NEUTRAL,False
YogaEsoteric :: Macaulay Culkin: ‚ÄòSatanic‚Äô Hollywood Execs Ritually Murder Child Actors ::,Article details fake Macaulay Culkin ‚Äòsatanic Hollywood‚Äô revelations,NEGATIVE,NEGATIVE,POSITIVE,NEUTRAL,NEGATIVE,NEGATIVE,NEUTRAL,NEUTRAL,True
Trump warns Russia over Jehovah‚Äôs Witnesses ban and urges members to seek asylum in the US,Trump Did Not Ask Jehovah's Winesses In Russia To Seek Asylum In The US,POSITIVE,NEGATIVE,NEUTRAL,NEUTRAL,NEUTRAL,NEGATIVE,NEUTRAL,NEUTRAL,False
"No, ZAYN Is Not 'Desperate To Defend' Girlfriend Gigi Hadid",Zayn Malik defends Gigi Hadid after 'racist' Snapchat video,NEGATIVE,POSITIVE,NEUTRAL,NEGATIVE,POSITIVE,NEGATIVE,NEUTRAL,NEUTRAL,False
Are Nicole Kidman and Keith Urban headed for divorce?,Nicole Kidman and Keith Urban divorce rumours unfounded,NEGATIVE,NEGATIVE,NEUTRAL,NEUTRAL,NEUTRAL,NEUTRAL,NEUTRAL,NEUTRAL,False
Pregnant Kourtney Kardashian Hangs out With Justin Bieber Amid Baby Daddy Drama,Kourtney Kardashian's Called Off Her Rumoured ‚ÄòFling‚Äô With Justin Bieber For Scott Disick,POSITIVE,NEGATIVE,NEUTRAL,NEGATIVE,NEUTRAL,NEUTRAL,NEUTRAL,NEUTRAL,False
"Despite Rihanna-Leonardo DiCaprio rumors, actor is single, rep says",Very friendly exes! Rihanna and Leonardo DiCaprio seen 'kissing' while both enjoying night out in same Parisian nightclub,NEGATIVE,POSITIVE,NEGATIVE,POSITIVE,NEUTRAL,POSITIVE,NEUTRAL,NEUTRAL,False
Angelina Jolie & Jared Leto Dating After Brad Pitt Divorce ‚Äî Report,Angelina Jolie 'is NOT dating' castmate Jared Leto following divorce from Brad Pitt,POSITIVE,NEGATIVE,NEUTRAL,NEUTRAL,NEUTRAL,NEUTRAL,NEUTRAL,NEUTRAL,False
Are Brad Pitt and Jennifer Lawrence dating?,It is completely false': Brad Pitt is NOT dating Jennifer Lawrence despite claims they 'have an intense connection',POSITIVE,NEGATIVE,POSITIVE,NEUTRAL,NEUTRAL,NEGATIVE,NEUTRAL,NEUTRAL,True
Brad Pitt & Neri Oxman: Amal Clooney Reportedly Introduced Brad To His New Gal Pal,Brad Pitt is 'not ready to leap into a serious relationship with MIT professor Neri Oxman as he focuses on his six children and career',POSITIVE,NEGATIVE,POSITIVE,NEGATIVE,NEUTRAL,NEGATIVE,NEUTRAL,NEUTRAL,False
"Brad Pitt And Angelina Jolie‚Äôs Divorce Stalls Again, His Relationship With Neri Oxman To Blame?",Brad Pitt is 'not ready to leap into a serious relationship with MIT professor Neri Oxman as he focuses on his six children and career',NEGATIVE,NEGATIVE,POSITIVE,NEUTRAL,NEGATIVE,NEGATIVE,NEUTRAL,NEUTRAL,False
Brad Pitt and Jennifer Aniston 'busted' over Aspen reunion,"Sorry But Jennifer Aniston and Brad Pitt Are Never Ever, Ever Getting Back Together",NEGATIVE,NEGATIVE,POSITIVE,NEUTRAL,NEUTRAL,NEGATIVE,NEUTRAL,NEUTRAL,False
Robert Pattinson confirms he's 'kind of' engaged to singer FKA Twigs,Robert Pattinson and FKA Twigs Have Officially Broken Up,POSITIVE,NEGATIVE,POSITIVE,NEGATIVE,POSITIVE,NEGATIVE,NEUTRAL,NEUTRAL,False
"Emma Stone, Justin Theroux Caught Showing PDA? #emmastone #emmastoneofficial #emmastones #emmastonearmy #emmastoneandandrewgarfield #e‚Ä¶",Emma Stone Shuts Down That Justin Theroux Rumor,POSITIVE,NEGATIVE,POSITIVE,NEUTRAL,NEUTRAL,NEUTRAL,NEUTRAL,NEUTRAL,False
Pippa Middleton Refuses To Invite Meghan Markle To Wedding?,"Pippa Middleton Reluctantly Invited Meghan Markle to Her Wedding, Was Afraid She Would 'Overshadow' Her",NEGATIVE,NEGATIVE,POSITIVE,NEUTRAL,NEGATIVE,NEGATIVE,NEUTRAL,NEUTRAL,False
All The Signs Kourtney Kardashian & Scott Disick Are Getting Back Together,"Meghan Markle is invited to Pippa Middleton's wedding, kind of",POSITIVE,POSITIVE,NEGATIVE,NEUTRAL,POSITIVE,POSITIVE,NEUTRAL,NEUTRAL,False
Are Darren Aronofsky and Suki Waterhouse dating?,Darren Aronofsky and Suki Waterhouse's Reps Shoot Down Dating Rumors,POSITIVE,NEGATIVE,POSITIVE,NEUTRAL,NEUTRAL,NEGATIVE,NEUTRAL,NEUTRAL,False
BABY NEWS! Rihanna is PREGNANT and she's pretty far along ‚Äî Click to see her baby bump!,"Shutup, Rihanna Is Not Pregnant Or Fat",POSITIVE,POSITIVE,POSITIVE,NEGATIVE,POSITIVE,NEUTRAL,NEUTRAL,NEUTRAL,False
Rihanna Laughing Off Pregnancy Rumors: ‚ÄúShe‚Äôs Not Even Trying‚Äù ‚Äî Report,"Shutup, Rihanna Is Not Pregnant Or Fat",NEGATIVE,POSITIVE,POSITIVE,NEUTRAL,POSITIVE,NEUTRAL,NEUTRAL,NEUTRAL,False
Nina Dobrev & Orlando Bloom Are ‚ÄòMore Than Friends‚Äô ‚Äî Is He Already Over Katy Perry?,"Nina Dobrev and Orlando Bloom Not Dating, 'Just Friends,' Source Says",POSITIVE,NEGATIVE,NEUTRAL,NEGATIVE,POSITIVE,NEGATIVE,NEUTRAL,NEUTRAL,False
"Nina Dobrev and Orlando Bloom Are ""Casually Dating"" (REPORT)","Nina Dobrev and Orlando Bloom Not Dating, 'Just Friends,' Source Says",POSITIVE,NEGATIVE,NEUTRAL,POSITIVE,NEUTRAL,NEGATIVE,NEUTRAL,NEUTRAL,False
Selena Gomez ‚Äô s Friends NOT Upset About Justin Bieber Reunion  Despite Report,"Selena Gomez's Friends Still Don't Approve of Justin Bieber, Source Says (Exclusive)",POSITIVE,NEGATIVE,NEUTRAL,NEUTRAL,POSITIVE,POSITIVE,NEUTRAL,NEUTRAL,False
Jennifer Lopez Snubbed Vanessa Hudgens On ‚Äò Second Act ‚Äô Set ,Vanessa Hudgens Says Working With Jennifer Lopez Was 'Magical',NEGATIVE,POSITIVE,NEGATIVE,NEUTRAL,NEGATIVE,NEUTRAL,NEUTRAL,NEUTRAL,False
Johnny Depp Concerned About Aging: He‚Äôs Having A Mid-Life Crisis,No midlife crisis for Johnny Depp at 50,NEGATIVE,POSITIVE,NEUTRAL,NEUTRAL,NEGATIVE,POSITIVE,NEUTRAL,NEUTRAL,True
Breaking: Crew Of Air Force One Refuses To Fly Obama 6000 Miles ‚ÄòJust To Play Golf‚Äô ‚Äì BuzzfeedUSA,Plane Crew Didn‚Äôt Rebuff Obama,NEGATIVE,POSITIVE,NEUTRAL,NEGATIVE,NEGATIVE,NEUTRAL,NEUTRAL,NEUTRAL,False
TRUMP WANTS TO DEPORT AMERICAN INDIANS TO INDIA,Trump Not Deporting Native Americans,NEGATIVE,POSITIVE,NEUTRAL,NEGATIVE,NEGATIVE,POSITIVE,NEUTRAL,NEUTRAL,False
Spicer: ‚ÄúTrump Has The Legal Right To Cancel SCOTUS Because They Serve At His Pleasure‚Äù,A Fake Sean Spicer Quote,NEGATIVE,NEGATIVE,POSITIVE,NEGATIVE,POSITIVE,NEGATIVE,NEUTRAL,NEUTRAL,True
Clinton Foundations Sends Water To Houston For $7 A Bottle,Clinton Foundation Isn‚Äôt Charging FEMA,NEGATIVE,POSITIVE,NEUTRAL,NEUTRAL,NEUTRAL,NEGATIVE,NEUTRAL,NEUTRAL,False
BREAKING: President Trump Signs Executive Order Stripping NFL Of ‚ÄòNon-Profit‚Äô Status,Trump Didn‚Äôt Change NFL Tax Status,NEGATIVE,NEGATIVE,NEUTRAL,NEUTRAL,POSITIVE,NEUTRAL,NEUTRAL,NEUTRAL,False
"Singer Dolly Parton: ‚ÄúTrump In One Year Is Already Better Than 16 Years‚Äô of Bush, Obama ‚ÄòPut Together‚Äô, This Stupid Liberals Doing Everything To Impeach Him But We Standing With Trump now And Forever.",Parton Me? Dolly Didn‚Äôt Praise Trump,POSITIVE,NEGATIVE,NEUTRAL,POSITIVE,NEGATIVE,POSITIVE,NEUTRAL,NEUTRAL,False
Court Orders Obama To Pay $400 Million In Restitution,Obama Not Ordered to Pay $400M Restitution,POSITIVE,NEGATIVE,NEUTRAL,NEUTRAL,NEGATIVE,POSITIVE,NEUTRAL,NEUTRAL,False
OBAMA‚ÄôS PRIVATE ‚ÄòSECURITY‚Äô COMPANY SETS UP MASSIVE CAMPS OUTSIDE 3 MAJOR CITIES,Obama‚Äôs Private ‚ÄòMilitary‚Äô Doesn‚Äôt Exist,NEGATIVE,NEGATIVE,POSITIVE,NEGATIVE,POSITIVE,NEUTRAL,NEUTRAL,NEUTRAL,False
Trump‚Äôs DHS Secretary Confirms They Are Preparing To Arrest Sanctuary City Leaders,No Arrests of ‚ÄòSanctuary City‚Äô Leaders,NEGATIVE,NEGATIVE,NEUTRAL,POSITIVE,NEGATIVE,POSITIVE,NEUTRAL,NEUTRAL,True
BREAKING: Shep Smith To Be Canned Because He Can‚Äôt Control His Hate For Donald Trump,Fox News‚Äô Shepard Smith Hasn‚Äôt Been Fired,NEGATIVE,NEGATIVE,NEUTRAL,POSITIVE,NEGATIVE,NEGATIVE,NEUTRAL,NEUTRAL,False
Matt Damon‚Äôs publicist forced to deny reports actor is moving to Australia because he can't stand Donald Trump,Matt Damon Not Moving to Avoid Trump,NEGATIVE,NEGATIVE,NEUTRAL,POSITIVE,NEGATIVE,POSITIVE,NEUTRAL,NEUTRAL,False
"Angelina Jolie: ‚ÄòIt‚Äôs Strange, I Never Wanted to Have a Baby‚Äô",Angelina Jolie wants to adopt another child years after Brad Pitt divorce?,NEGATIVE,NEGATIVE,NEGATIVE,POSITIVE,NEGATIVE,POSITIVE,NEUTRAL,NEUTRAL,False
Ariel Winter Getting Engaged? She‚Äôs Hoping For A Christmas Proposal From BF Levi Meaden,Ariel Winter and Levi Meaden have officially broken up,POSITIVE,NEGATIVE,POSITIVE,NEUTRAL,POSITIVE,NEGATIVE,NEUTRAL,NEUTRAL,False
Selena Gomez Pregnant With The Weeknd‚Äôs Baby & Racing to Marry? ‚Äî Report,Selena Gomez says she may not be able to carry children¬†,POSITIVE,NEGATIVE,NEGATIVE,NEGATIVE,NEUTRAL,NEUTRAL,NEUTRAL,NEUTRAL,False
Lady Gaga Reveals Plan To Cover Her Face Again ‚ÄúUntil Trump Gets Fired From Office And I Feel Free Once More‚Äù,"No, Lady Gaga will not cover her face until Trump is fired",NEGATIVE,NEGATIVE,NEUTRAL,NEGATIVE,NEUTRAL,POSITIVE,NEUTRAL,NEUTRAL,True
"Ariana Grande Is Not Calling Off Her Wedding To Pete Davidson, Despite Tabloid Report",Ariana Grande and Pete Davidson Have Ended Their Engagement and I'm Already Crying,POSITIVE,NEGATIVE,POSITIVE,NEUTRAL,POSITIVE,POSITIVE,NEUTRAL,NEUTRAL,False
Hailey Baldwin worries Selena Gomez will never get over Justin Bieber,Selena Gomez Says Her Breakup with Justin Bieber Was the ‚ÄúBest Thing That Ever Happened to Me‚Äù,NEGATIVE,POSITIVE,NEGATIVE,NEUTRAL,NEGATIVE,POSITIVE,NEUTRAL,NEUTRAL,False
"Selena Gomez ""Sad"" About Justin Bieber Breakup, Says Source",Selena Gomez Says Her Breakup with Justin Bieber Was the ‚ÄúBest Thing That Ever Happened to Me‚Äù,NEGATIVE,POSITIVE,NEGATIVE,POSITIVE,NEGATIVE,POSITIVE,NEUTRAL,NEUTRAL,False
Why Kate Middleton and Meghan Markle 'can't stand each other',"The ""Feud"" Between Meghan Markle and Kate Middleton Just Reinforces Gender Stereotypes",NEGATIVE,NEGATIVE,NEUTRAL,POSITIVE,NEUTRAL,NEGATIVE,NEUTRAL,NEUTRAL,False
Katie Holmes and Jamie Foxx 'split' after five year secret romance,Katie Holmes breaks silence over Jamie Foxx split rumours,NEGATIVE,POSITIVE,NEUTRAL,POSITIVE,POSITIVE,NEGATIVE,NEUTRAL,NEUTRAL,False
US report claims Meghan Markle and Kate Middleton are both expecting a baby,"Meghan Markle and Kate Middleton will never be pregnant at the same time, and this is why",POSITIVE,NEGATIVE,NEGATIVE,NEUTRAL,POSITIVE,NEUTRAL,NEUTRAL,NEUTRAL,False
Definitive Proof That Justin Timberlake & Jessica Biel Are Stronger Than Ever,Justin Timberlake and Jessica Biel's private split nine months before surprise engagement,POSITIVE,NEGATIVE,NEUTRAL,NEUTRAL,POSITIVE,POSITIVE,NEUTRAL,NEUTRAL,False
Are Katie Holmes & Jamie Foxx Expecting A Baby? New Report Claims They Want To Start A Family,Katie Holmes is not pregnant with Jamie Foxx‚Äôs child: Rep,POSITIVE,NEGATIVE,POSITIVE,NEGATIVE,POSITIVE,NEUTRAL,NEUTRAL,NEUTRAL,False
Is Amal Clooney Pregnant? Fans Spot Maybe Baby Bump In New Pic,GEORGE AND AMAL CLOONEY CLARIFY THEY ARE NOT EXPECTING THEIR THIRD CHILD!,POSITIVE,NEGATIVE,NEUTRAL,NEGATIVE,POSITIVE,POSITIVE,NEUTRAL,NEUTRAL,False
"Joel Silver Sued for Assistant Death During Jennifer Aniston, Justin Theroux Honeymoon","Joel Silver Not Liable for Assistant‚Äôs Bora Bora Drowning, Appeals Court Affirms",NEGATIVE,NEGATIVE,NEGATIVE,NEUTRAL,NEGATIVE,NEUTRAL,NEUTRAL,NEUTRAL,False
Caitlyn Jenner is planning a NUDE photo shoot,Caitlyn Jenner nude photo shoot rumours '100% not true',POSITIVE,NEGATIVE,POSITIVE,NEUTRAL,NEGATIVE,NEGATIVE,NEUTRAL,NEUTRAL,False
Brad Pitt Is Reportedly Ready For Neri Oxman To Meet His Kids! How Will Angelina Jolie React?,"Brad Pitt Not Introducing Kids To Rumored Girlfriend Neri Oxman, Report Says",POSITIVE,NEGATIVE,NEUTRAL,NEGATIVE,NEUTRAL,NEUTRAL,NEUTRAL,NEUTRAL,False
Gwen Stefani Pregnant With Blake Shelton‚Äôs Baby? Why Friends Think She‚Äôs Got A Secret,"Gwen Stefani, Blake Shelton Will 'Never Have A Baby' Together: Report",POSITIVE,NEGATIVE,NEUTRAL,POSITIVE,POSITIVE,NEUTRAL,NEUTRAL,NEUTRAL,False
Rob Pattinson Still ‚ÄòCares Deeply‚Äô For Kristen Stewart ‚Äî Getting Back Together After Party Reunion?,Robert Pattinson & Kristen Stewart ‚ÄòDon‚Äôt Talk‚Äô After Split,POSITIVE,NEGATIVE,NEUTRAL,NEUTRAL,POSITIVE,NEUTRAL,NEUTRAL,NEUTRAL,False
Rumor Bust! Ryan Gosling and Eva Mendes Are Not Breaking Up,Eva Mendes & Ryan Gosling Break Up ‚Äî Truth Behind Their Shocking Split,POSITIVE,NEGATIVE,POSITIVE,NEUTRAL,NEUTRAL,NEGATIVE,NEUTRAL,NEUTRAL,False
Justin Bieber: Pedophiles Run The ‚ÄòEvil‚Äô Music Industry,"Justin Bieber Did Not Say ‚ÄúPedophiles Run The ‚ÄòEvil‚Äô Music Industry,‚Äù Despite Fake News Story",NEGATIVE,POSITIVE,POSITIVE,POSITIVE,NEGATIVE,POSITIVE,NEUTRAL,NEUTRAL,True
"Why Selena Gomez's Mom Called Justin Bieber ""Satan""","Selena Gomez Mom Mandy Teefey Does Not Call Justin Bieber ‚ÄúSatan,‚Äù Despite Claim",NEGATIVE,POSITIVE,NEUTRAL,NEUTRAL,NEUTRAL,NEUTRAL,NEUTRAL,NEUTRAL,False
Fifty Shades Darker: Dakota Johnson and Jamie Dornan refuse to promote the film?,Fifty Shades Darker: Jamie Dornan responds to 'disgusting' rumours about him and co-star Dakota Johnson,NEGATIVE,POSITIVE,POSITIVE,NEUTRAL,NEGATIVE,NEGATIVE,NEUTRAL,NEUTRAL,False
George Clooney‚Äôs Friends Want Him To Run For President: He Would Be ‚ÄòAmazing‚Äô With Amal As First Lady,George Clooney says he won‚Äôt run for president because he wants a ‚Äònice life‚Äô,POSITIVE,NEGATIVE,NEGATIVE,NEGATIVE,POSITIVE,POSITIVE,NEUTRAL,NEUTRAL,False
‚ÄòNASA Confirms‚Äô 15 Days Of Darkness Coming This Month,"Nasa Confirms SixDays of Darkness in December': No, they don't - it's a hoax",NEGATIVE,NEGATIVE,NEUTRAL,NEUTRAL,NEGATIVE,POSITIVE,NEUTRAL,NEUTRAL,False
Kim Kardashian Having Plastic Surgery To Cure Cankles?,Kim Kardashian Not Getting Secret Plastic Surgery To Save Feet From Turning Into A Hammertoe [Debunked],NEGATIVE,NEGATIVE,POSITIVE,NEUTRAL,NEUTRAL,NEGATIVE,NEUTRAL,NEUTRAL,False
Are Selena Gomez And Justin Theroux Dating? New Details About Their Secret Relationship,Selena Gomez And Justin Theroux Are Not ‚ÄòFalling For Each Other‚Äô [Debunked],POSITIVE,NEGATIVE,POSITIVE,POSITIVE,NEUTRAL,POSITIVE,NEUTRAL,NEUTRAL,False
Shock reports claim Brad Pitt was cheating with co-star Marion Cotillard behind Ange‚Äôs back,Brad Pitt's costar Marion Cotillard shuts down cheating rumors,NEGATIVE,POSITIVE,POSITIVE,POSITIVE,NEGATIVE,NEGATIVE,NEUTRAL,NEUTRAL,False
  Selena Gomez   Justin Bieber NOT Reconnecting Reconnecting Despite Reports,Newly Single Selena Gomez and Justin Bieber Reconnect at Church in L.A.,NEGATIVE,POSITIVE,POSITIVE,NEUTRAL,NEUTRAL,NEUTRAL,NEUTRAL,NEUTRAL,False
Gwen Stefani shuts down rumours she was 'dumped' by Blake Shelton over 'jealousy and drama' with loved-up snap,Gwen Stefani Got Dumped by Blake Shelton Over ‚ÄúJealousy and Drama‚Äù,POSITIVE,NEGATIVE,NEUTRAL,POSITIVE,NEGATIVE,NEGATIVE,NEUTRAL,NEUTRAL,False
"Jamie Foxx Not Renting Out Disneyland For Katie Holmes, Despite Fake News",Jamie Foxx to Rent out Disneyland to Woo Katie Holmes,NEGATIVE,POSITIVE,NEUTRAL,POSITIVE,POSITIVE,POSITIVE,NEUTRAL,NEUTRAL,False
Jennifer Aniston and Angelina Jolie secret dinner (In Touch) ‚Äì Trendy Fame,Angelina Jolie Rejected Jennifer Aniston‚Äôs Invite to Have Dinner Together,POSITIVE,NEGATIVE,NEUTRAL,NEGATIVE,POSITIVE,NEUTRAL,NEUTRAL,NEUTRAL,False
Rumor Bust! Katie Holmes Did NOT Breakup with Jamie Foxx for Joshua Jackson,"Katie Holmes and Jamie Foxx, Hollywood's most secret love has ended",POSITIVE,NEGATIVE,NEGATIVE,NEUTRAL,NEUTRAL,POSITIVE,NEUTRAL,NEUTRAL,False
"Brad Pitt Vowing ‚ÄòTo Stay Celibate‚Äô Amid Angelina Jolie Divorce Is Not True, Reports ‚ÄòGossip Cop‚Äô",Brad Pitt vows to stay celibate for a year after shock Angelina Jolie split,NEGATIVE,NEGATIVE,NEUTRAL,POSITIVE,NEGATIVE,NEGATIVE,NEUTRAL,NEUTRAL,False
Gwen Stefani NOT Secretly Adopting Baby Girl  Despite Report,Blake & Gwen Adopting Girl,NEGATIVE,POSITIVE,NEUTRAL,NEGATIVE,NEGATIVE,POSITIVE,NEUTRAL,NEUTRAL,False
Meghan Markle Does Have Secret Maid Of Honor  Claim,Meghan Markle Won't Have a Maid of Honor,POSITIVE,NEGATIVE,NEUTRAL,POSITIVE,POSITIVE,POSITIVE,NEUTRAL,NEUTRAL,False
Mariah Carey Vs. Joe Jonas ‚Äî New Year‚Äôs Feud Goes On,"Mariah Carey, Joe Jonas New Year's Eve feud not true",NEGATIVE,NEGATIVE,POSITIVE,NEGATIVE,NEUTRAL,NEGATIVE,NEUTRAL,NEUTRAL,False
Denzel Washington: 'Criminal-In-Chief' Obama 'Tore Heart Out Of America',CNN analyst shares fake news story about Denzel Washington attacking Obama and CNN,NEGATIVE,NEGATIVE,POSITIVE,NEUTRAL,NEGATIVE,NEGATIVE,NEUTRAL,NEUTRAL,True
Were drugs to blame for Erin Moran‚Äôs death?,"Scott Baio regrets blaming Erin Moran‚Äôs death on drugs, alcohol before learning she had cancer",NEGATIVE,NEGATIVE,POSITIVE,NEUTRAL,NEGATIVE,NEGATIVE,NEUTRAL,NEUTRAL,False
Mass-Media: Brad Pitt Broke Up with Ella Purnell for Princess of Monaco,Brad Pitt 'slams reports that he has been secretly dating the Princess of Monaco',NEGATIVE,NEGATIVE,POSITIVE,NEUTRAL,NEGATIVE,NEUTRAL,NEUTRAL,NEUTRAL,False
"Blake Shelton Rumored To Have Dumped Gwen Stefani, According To ‚ÄòIn Touch Weekly‚Äô",Gwen Stefani shuts down rumours she was 'dumped' by Blake Shelton over 'jealousy and drama' with loved-up snap,NEGATIVE,POSITIVE,POSITIVE,NEUTRAL,NEGATIVE,NEGATIVE,NEUTRAL,NEUTRAL,False
"Gwen Stefani Got Dumped by Blake Shelton Over ""Jealousy and Drama"" (EXCLUSIVE)",Gwen Stefani shuts down rumours she was 'dumped' by Blake Shelton over 'jealousy and drama' with loved-up snap,NEGATIVE,POSITIVE,POSITIVE,NEUTRAL,NEGATIVE,NEGATIVE,NEUTRAL,NEUTRAL,False
The pictures that have fans convinced Katie Holmes is pregnant,Katie Holmes isn't pregnant with Jamie Foxx‚Äôs baby and there's no wedding,POSITIVE,NEGATIVE,NEGATIVE,NEGATIVE,POSITIVE,NEUTRAL,NEUTRAL,NEUTRAL,False
Sandra Bullock getting married to boyfriend Bryan Randall,Reason why Sandra Bullock never married longtime partner Bryan Randall prior to his death,POSITIVE,NEGATIVE,POSITIVE,NEGATIVE,NEUTRAL,POSITIVE,NEUTRAL,NEUTRAL,False
Did Kanye West Make A Diss Track About Donald Trump?,Kanye West denies producing Trump diss track,NEGATIVE,NEGATIVE,NEUTRAL,NEUTRAL,NEUTRAL,NEGATIVE,NEUTRAL,NEUTRAL,False
Jennifer Aniston is PREGNANT! (According to Kathy Hilton),Don't listen to Kathy Hilton: Jennifer Aniston is NOT with child,POSITIVE,NEGATIVE,NEUTRAL,NEGATIVE,NEUTRAL,NEUTRAL,NEUTRAL,NEUTRAL,False
Jennifer Lawrence Is Perfectly Fine with Those Brad Pitt Dating Rumors,Brad Pitt is not dating Jennifer Lawrence despite claims,POSITIVE,NEGATIVE,NEUTRAL,NEGATIVE,POSITIVE,NEUTRAL,NEUTRAL,NEUTRAL,False
Laura Dern & Reese Witherspoon Prove They're as Close as Ever & Not Feuding,Reese Witherspoon and Laura Dern Are Engaged in a Hysterical Instagram Feud: What to Know,POSITIVE,POSITIVE,POSITIVE,NEUTRAL,NEUTRAL,NEGATIVE,NEUTRAL,NEUTRAL,False
"Shaquille O‚ÄôNeal Says: ‚ÄòTrump Is Possibly The Best President Of The President Of All Times Ever, He Is Not Afraid To‚Ä¶‚Äô",Shaq did not say Trump was 'possibly the best president' ever,POSITIVE,POSITIVE,NEGATIVE,NEGATIVE,POSITIVE,NEGATIVE,NEUTRAL,NEUTRAL,False
The secret Donald Trump and Rudy Giuliani know about the Russia probe,Never happened‚Äô: Giuliani walks back confusing claim of secret Trump Tower meeting,NEGATIVE,NEGATIVE,POSITIVE,POSITIVE,NEUTRAL,POSITIVE,NEUTRAL,NEUTRAL,False
Pence: ‚ÄúMichelle Obama Is The Most Vulgar First Lady We‚Äôve Ever Had‚Äù,Website makes up story that Mike Pence called Michelle Obama vulgar,NEGATIVE,NEGATIVE,POSITIVE,NEGATIVE,NEUTRAL,NEUTRAL,NEUTRAL,NEUTRAL,False
Pro-Lifers Declare ‚ÄúEjaculation Is Murder: Every Sperm Cell Is A Life‚Äù,"Every Sperm Cell Is A Life' story is fake, if you click through",NEGATIVE,NEGATIVE,POSITIVE,NEUTRAL,NEGATIVE,NEGATIVE,NEUTRAL,NEUTRAL,True
Secret Service Agent Says Obama Is Muslim & Gay In New Tell-All Book,Fake news site falsely claims Obama is a gay Muslim,NEGATIVE,NEGATIVE,POSITIVE,NEGATIVE,NEUTRAL,NEGATIVE,NEUTRAL,NEUTRAL,True
Virginia Republican Wants Schools To Check Children's Genitals Before Using Bathroom,Occupy Democrats grossly twists Virginia school bathroom bill,NEGATIVE,NEGATIVE,NEUTRAL,NEGATIVE,POSITIVE,NEUTRAL,NEUTRAL,NEUTRAL,False
"New Star Wars Movie Filming Near Rosenberg, Texas, Large Number of Extras Needed ‚Äì WBN 12 News",Fake news: Next Star Wars movie seeking alien extras near Houston,NEGATIVE,NEGATIVE,POSITIVE,NEGATIVE,NEGATIVE,NEGATIVE,NEUTRAL,NEUTRAL,True
"South African firm ordered to lay off 3,389 white employees","No, South African officials didn't order a firm to lay off white workers",NEGATIVE,NEGATIVE,POSITIVE,POSITIVE,NEUTRAL,NEUTRAL,NEUTRAL,NEUTRAL,True
BREAKING: Nancy Pelosi Was Just Taken From Her Office In Handcuffs,"Websites spread fake news that Nancy Pelosi was ‚Äòarrested' over ‚Äòcoup attempt‚Äô
",NEGATIVE,NEGATIVE,POSITIVE,NEUTRAL,NEUTRAL,NEGATIVE,NEUTRAL,NEUTRAL,True
New Regulation Requires 75 MPH Governor On All Motorcycles,Will the federal government require devices to slow down motorcycles?,NEGATIVE,NEGATIVE,POSITIVE,NEGATIVE,NEUTRAL,NEUTRAL,NEUTRAL,NEUTRAL,False
"Kasich: ‚ÄúIf A Woman Is Not Intelligent Enough To Keep Her Legs Closed, How Can We Entrust The Abortion Decision To Her?‚Äù",Fake news story falsely quotes Kasich saying some women not smart enough to decide on abortion,NEGATIVE,NEGATIVE,POSITIVE,POSITIVE,NEGATIVE,NEGATIVE,NEUTRAL,NEUTRAL,True
Obama‚Äôs Tax- Skipping ‚Äì Audit Shows Millions In Offshore Accounts,Fake theory that Barack Obama hid millions of taxpayer dollars offshore started on parody site,NEGATIVE,NEGATIVE,POSITIVE,NEUTRAL,NEUTRAL,NEGATIVE,NEUTRAL,NEUTRAL,True
Texas law enforcement officer fatally shot upon arriving for work by 3 Muslim refugee. Do you support to deport them?,Fake news headline blames Texas deputy‚Äôs real death on fictitious Muslim refugees,NEGATIVE,NEGATIVE,POSITIVE,NEUTRAL,NEGATIVE,NEGATIVE,NEUTRAL,NEUTRAL,True
United Airlines Flight Attendant Slaps Crying Baby During Flight,Fake news story says United flight attendant slapped baby during flight from Chicago,NEGATIVE,NEGATIVE,POSITIVE,NEUTRAL,NEGATIVE,NEGATIVE,NEUTRAL,NEUTRAL,True
Trump on Revamping the Military: We‚Äôre Bringing Back the Draft,"Internet story claiming Trump wants to renew military draft is still old, still fake",NEGATIVE,NEGATIVE,POSITIVE,POSITIVE,POSITIVE,NEGATIVE,NEUTRAL,NEUTRAL,True
Donald Trump to issue an executive order to ban Facebook across US,Fake news story about Trump banning Facebook by executive order is an April Fool‚Äôs Day prank,NEGATIVE,NEGATIVE,POSITIVE,NEUTRAL,NEUTRAL,NEGATIVE,NEUTRAL,NEUTRAL,True
BREAKING: Hillary Clinton Has Third Heart Attack-Docs Says She ‚ÄòWon‚Äôt Survive‚Äô,"Hillary Clinton not dead from heart attack, as fake news site claims",NEGATIVE,NEGATIVE,POSITIVE,NEUTRAL,POSITIVE,POSITIVE,NEUTRAL,NEUTRAL,True
"BREAKING: Barron Trump Rushed To The Hospital, Hospital Releases Statement On His Condition",It's fake news that Barron Trump was hospitalized for pneumonia,NEGATIVE,NEGATIVE,POSITIVE,NEUTRAL,NEGATIVE,NEGATIVE,NEUTRAL,NEUTRAL,True
 Friendly Fire ‚Ä¶ Charlottesville Car attacker is antiTrump Antifa supporter,"Charlottesville hit-and-run driver was anti-fascist activist, Internet post claims",NEGATIVE,NEGATIVE,NEUTRAL,NEGATIVE,POSITIVE,NEGATIVE,NEUTRAL,NEUTRAL,False
BOMBSHELL: Internet Sleuths Just Found the SMOKING GUN on Dems Planning Violence in Charlottesville,Blog posts wrongly say there's proof Democrats hired actors to play white nationalists,NEGATIVE,NEGATIVE,POSITIVE,NEUTRAL,NEGATIVE,NEUTRAL,NEUTRAL,NEUTRAL,False
WHITE SUPREMACIST WHO KILLED PROTESTER IS A DEMOCRAT AND VISITED OBAMA IN OVAL OFFICE (Updated 16.08.2017) ‚Äì Newsfeed ‚Äì Hasslefree allsorts,Story that Obama supporter was behind wheel of car in Charlottesville is fake news,NEGATIVE,NEGATIVE,POSITIVE,POSITIVE,NEGATIVE,NEGATIVE,NEUTRAL,NEUTRAL,True
BREAKING: Barcelona Terrorist Has A Cousin In The US Named Barack,"Barcelona terrorist related to Barack Obama, fake news site falsely says",NEGATIVE,NEGATIVE,POSITIVE,NEUTRAL,POSITIVE,NEGATIVE,NEUTRAL,NEUTRAL,True
BREAKING: Rosa Parks‚Äô Daughter Praises Trump‚Äôs Response to Charlottesville ‚Äì forfreedomworld,Fake news: Rosa Parks had no daughter who could praise Trump‚Äôs comments,POSITIVE,NEGATIVE,POSITIVE,NEUTRAL,POSITIVE,NEGATIVE,NEUTRAL,NEUTRAL,True
BREAKING: President Trump Pardons Kim Davis,It's fake news that Donald Trump pardoned Kentucky clerk Kim Davis,POSITIVE,NEGATIVE,POSITIVE,NEUTRAL,POSITIVE,NEGATIVE,NEUTRAL,NEUTRAL,True
BREAKING: Federal Judge Grants Permission To Subpoena Trump,"No, judge didn't grant subpoena of President Donald Trump",NEGATIVE,NEGATIVE,NEUTRAL,NEUTRAL,NEGATIVE,POSITIVE,NEUTRAL,NEUTRAL,True
Miss Universe Guayana 2016 arrestada con 2kilos en London Airportüò±,Headline about Miss Universe Guyana and cocaine bust is recycled fake news,NEGATIVE,NEGATIVE,POSITIVE,NEUTRAL,NEGATIVE,NEGATIVE,NEUTRAL,NEUTRAL,True
BREAKING: Roy Moore‚Äôs Accuser Arrested And Charged With Falsification,"Fake news: No, a Roy Moore accuser was not arrested for lying",NEGATIVE,NEGATIVE,POSITIVE,NEUTRAL,NEGATIVE,POSITIVE,NEUTRAL,NEUTRAL,True
"BREAKING: Trump fires Deputy Attorney General Rod Rosenstein, raising questions over Mueller‚Äôs fate","No, Trump hasn't fired Deputy Attorney General Rod Rosenstein",NEGATIVE,NEGATIVE,NEGATIVE,NEGATIVE,NEGATIVE,NEUTRAL,NEUTRAL,NEUTRAL,True
If You Are Using This Toothpaste‚Ä¶ Throw It Away Immediately Nov 28,Story falsely suggests a Colgate toothpaste banned by FDA,NEGATIVE,NEGATIVE,POSITIVE,NEUTRAL,POSITIVE,NEGATIVE,NEUTRAL,NEUTRAL,True
UPDATE: Van Full Of Illegals Caught Voting At Multiple Alabama Polling Locations,"No, undocumented immigrants were not caught voting in Alabama Senate election",NEGATIVE,NEGATIVE,NEUTRAL,NEGATIVE,NEGATIVE,NEUTRAL,NEUTRAL,NEUTRAL,True
LAW PASSED: All Child Support in the United States Will End by Beginning of 2018,"No, Trump and Congress didn't pass bill ending child support",POSITIVE,NEGATIVE,NEUTRAL,NEUTRAL,POSITIVE,NEGATIVE,NEUTRAL,NEUTRAL,True
"BOOM: Roy Moore Takes The Military Vote, Pulls Ahead By 5K Votes","No, Roy Moore didn't win Alabama race with military ballots",POSITIVE,NEGATIVE,NEGATIVE,POSITIVE,NEUTRAL,NEGATIVE,NEUTRAL,NEUTRAL,True
BREAKING: Sasha Obama Just Crashed Her Expensive New Car Into A Lake,Fake news: Sasha Obama crashed Bugatti into a lake,NEGATIVE,NEGATIVE,POSITIVE,POSITIVE,NEGATIVE,NEGATIVE,NEUTRAL,NEUTRAL,True
Julia Roberts Claims ‚ÄòMichelle Obama Isn‚Äôt Fit to Clean Melania‚Äôs Toilet‚Äô,Julia Roberts did not say Michelle Obama 'not fit to clean Melania's toilet',NEGATIVE,NEGATIVE,NEGATIVE,NEGATIVE,POSITIVE,NEGATIVE,NEUTRAL,NEUTRAL,False
Donald Trump signs a visa-free travel policy for Ghana,Fake news dangles visa-free travel for Ghana/Malawi,POSITIVE,NEGATIVE,POSITIVE,NEUTRAL,POSITIVE,NEGATIVE,NEUTRAL,NEUTRAL,True
GOP Official Who Says America Needs ?Another 9/11? Shares _______________ With Trump,Fake news alert: Texas congressman from Pecos wishes for another 9/11 to show up judges,NEGATIVE,NEGATIVE,POSITIVE,NEUTRAL,POSITIVE,NEGATIVE,NEUTRAL,NEUTRAL,True
BREAKING: Trump Caught INVESTING in Dakota Pipeline Before Signing It,"Trump 'caught investing' in Dakota Access Pipeline before approving it, website says",NEGATIVE,NEGATIVE,NEUTRAL,NEUTRAL,NEUTRAL,POSITIVE,NEUTRAL,NEUTRAL,False
BREAKING: Hilary Clinton Filed For Divorce In New York Courts!,Internet resurrects false claim that Bill and Hillary Clinton are divorcing,NEGATIVE,NEGATIVE,POSITIVE,NEGATIVE,POSITIVE,NEGATIVE,NEUTRAL,NEUTRAL,True
John Hagee Calls For ‚ÄúProsecuting Women Who Say God‚Äôs Name During Intercourse‚Äù,Mega pastor John Hagee wants to jail women who use God‚Äôs name during sex? That‚Äôs fake news,NEGATIVE,NEGATIVE,POSITIVE,NEUTRAL,NEUTRAL,NEGATIVE,NEUTRAL,NEUTRAL,True
Starbucks Just Placed Trump‚Äôs Photo on Floor so Every Customer have to Step On It‚Ä¶.,Fake brews! Starbucks didn‚Äôt put photos of Trump on store floors,NEGATIVE,NEGATIVE,POSITIVE,NEUTRAL,NEUTRAL,NEGATIVE,NEUTRAL,NEUTRAL,True
ELECTORAL COLLEGE ELECTOR COMMITS SUICIDE TO AVOID VOTING FOR DONALD TRUMP,Fake news: Michigan GOP elector didn't choose suicide over voting for Trump,NEGATIVE,NEGATIVE,POSITIVE,NEUTRAL,NEGATIVE,NEGATIVE,NEUTRAL,NEUTRAL,True
"Bill Murray Had This to Say About Rochester, New Hampshire Residents ‚Äì News Daily 12","No, a celebrity's car didn't break down in your hometown",POSITIVE,NEGATIVE,POSITIVE,NEGATIVE,NEUTRAL,NEGATIVE,NEUTRAL,NEUTRAL,True
BREAKING: Meryl Streep Just Got Fired From A Major Project For Lying About Trump -,"No, Meryl Streep's anti-Trump award speech didn't cost her a 'Happy Days' job",NEGATIVE,NEGATIVE,NEGATIVE,NEGATIVE,NEGATIVE,NEGATIVE,NEUTRAL,NEUTRAL,True
Paul Ryan: ‚ÄúDonald Trump Plans To Resign From Office Within The Next 30 Days‚Äù,Story about Ryan announcing Trump‚Äôs resignation comes from infamous fake news writer,NEGATIVE,NEGATIVE,POSITIVE,NEUTRAL,NEGATIVE,NEGATIVE,NEUTRAL,NEUTRAL,True
BREAKING: The Democrat James Comey Has Been Having An Affair With Was JUST REVEALED! (DETAILS),It's fake news that James Comey and Debbie Wasserman Schultz are an item,NEGATIVE,NEGATIVE,POSITIVE,NEUTRAL,POSITIVE,NEGATIVE,NEUTRAL,NEUTRAL,True
White House Chef Quits Because Trump Has Only Eaten Fast Food For 6 Months,White House chef‚Äôs faux resignation is on the fake news menu,NEGATIVE,NEGATIVE,POSITIVE,NEGATIVE,POSITIVE,NEGATIVE,NEUTRAL,NEUTRAL,True
Malia Obama Fired From Cushy Internship At Spanish Embassy,"No, Malia Obama wasn't fired by the Spanish Embassy for smoking marijuana",NEGATIVE,NEGATIVE,NEUTRAL,NEGATIVE,NEGATIVE,POSITIVE,NEUTRAL,NEUTRAL,True
Kim Jong Un Dead: North Koreans Calling Trump An Assassin,It's fake news that an American killed North Korea's leader Kim Jong Un,NEGATIVE,NEGATIVE,POSITIVE,POSITIVE,NEGATIVE,NEGATIVE,NEUTRAL,NEUTRAL,True
BUSTED: Russian Mansions Obama Seized Were Meant To Be Illegal Gifts To Sasha And Malia,It's fake news that Obama seized Russian mansions as gifts for Sasha and Malia,NEGATIVE,NEGATIVE,POSITIVE,POSITIVE,NEGATIVE,NEGATIVE,NEUTRAL,NEUTRAL,True
"Barack Obama Tweets SICK Attack On John McCain, Says He Should Have Died",Fake tweet said Obama hoped McCain would die from brain tumor,NEGATIVE,NEGATIVE,POSITIVE,POSITIVE,NEGATIVE,NEGATIVE,NEUTRAL,NEUTRAL,True
Rubio: ‚ÄúRape Victims Should Be In Custody If There Is Suspicion That They‚Äôre Planning Abortion‚Äù,Blogs fabricate Marco Rubio quote about putting rape victims in jail for considering abortion,NEGATIVE,NEGATIVE,POSITIVE,NEUTRAL,NEGATIVE,NEGATIVE,NEUTRAL,NEUTRAL,False
"Scott Baio, Beloved Face Of Conservatism, Dies In Small Plane Crash On His Way To Visit Trump",Actor Scott Baio healthy and alive after fake news report of his death,NEGATIVE,POSITIVE,NEGATIVE,NEGATIVE,NEGATIVE,NEGATIVE,NEUTRAL,NEUTRAL,True
Trump Removing Marines From the Navy,Story that Donald Trump will split Marines from Navy is unfounded,NEGATIVE,NEGATIVE,NEUTRAL,NEUTRAL,NEUTRAL,NEUTRAL,NEUTRAL,NEUTRAL,False
"Nancy Pelosi Suffers Breakdown, Taken From Capitol Hill On A Stretcher",Fake news that Pelosi had a breakdown credited to a familiar troll,NEGATIVE,NEGATIVE,POSITIVE,POSITIVE,NEGATIVE,NEGATIVE,NEUTRAL,NEUTRAL,True
"Liberal Women Hate Me Because Of My ‚ÄúStriking Beauty And Intellect‚Äù, Says Kellyanne Conway","Kellyanne Conway did not say liberal women hate her for being intelligent, attractive",NEGATIVE,POSITIVE,NEGATIVE,POSITIVE,NEGATIVE,NEUTRAL,NEUTRAL,NEUTRAL,False
Barrels removed from Clinton property contain parts from 3 missing women.,Saga of bodies found in barrels on Clinton property is fake news,NEGATIVE,NEGATIVE,POSITIVE,POSITIVE,NEGATIVE,NEGATIVE,NEUTRAL,NEUTRAL,True
BREAKING: Leaked Picture Of Obama Being Dragged Before A Judge In Handcuffs For Wiretapping Trump,Image of Obama in handcuffs for wiretapping Trump is fake photo,NEGATIVE,NEGATIVE,POSITIVE,NEUTRAL,NEGATIVE,NEGATIVE,NEUTRAL,NEUTRAL,True
BREAKING: FBI Issues Warrant For Obama‚Äôs Arrest After Confirming Illegal Trump Tower Wiretap,It's a trap! Story that FBI issued warrant for Obama in Trump wiretapping case is fake,NEGATIVE,NEGATIVE,POSITIVE,POSITIVE,NEGATIVE,NEGATIVE,NEUTRAL,NEUTRAL,True
Snoop Dogg Arrested For Conspiracy After Talking About His ‚ÄòMurder Trump‚Äô Video,Snoop Dogg wasn‚Äôt arrested over comments about shooting Donald Trump in music video,NEGATIVE,NEGATIVE,NEUTRAL,NEUTRAL,NEGATIVE,NEGATIVE,NEUTRAL,NEUTRAL,False
Lindsey Graham Threatens To Convert To Democrat If Republicans Don‚Äôt Dump Trump ‚Äì True Trumpers,Persistent post incorrectly says Lindsey Graham to become Democrat over Trump,NEGATIVE,NEGATIVE,NEUTRAL,NEGATIVE,NEGATIVE,NEUTRAL,NEUTRAL,NEUTRAL,False
Malia Obama Arrested With A Gang Of Thugs In Chicago,"This time fake news says Malia Obama arrested for drugs, dog fighting in Chicago",NEGATIVE,NEGATIVE,POSITIVE,NEUTRAL,NEGATIVE,NEGATIVE,NEUTRAL,NEUTRAL,True
BREAKING: Clinton Foundation Cargo Ship Raided At Port Of Baltimore Reveals Sick Secret,"Fake news: Clinton Foundation has no ships, didn‚Äôt smuggle refugees",NEGATIVE,NEGATIVE,POSITIVE,POSITIVE,NEGATIVE,POSITIVE,NEUTRAL,NEUTRAL,True
BREAKING: Fox Star Tucker Carlson In Critical Condition After Head On Collision Driving Home,Liberal troll behind Tucker Carlson death hoax being spread online,NEGATIVE,NEGATIVE,POSITIVE,NEUTRAL,NEGATIVE,NEGATIVE,NEUTRAL,NEUTRAL,False
Breaking News: FBI Uncovers Evidence That 62 Million Trump Voters are All Russian Agents,Fake story about Trump voters being Russian agents started on white supremacist website,NEGATIVE,NEGATIVE,POSITIVE,NEUTRAL,NEUTRAL,NEGATIVE,NEUTRAL,NEUTRAL,True
112-Year-Old Voters in North Carolina?,"No, thousands of dead people are not registered to vote in North Carolina",NEGATIVE,NEGATIVE,POSITIVE,NEUTRAL,NEUTRAL,POSITIVE,NEUTRAL,NEUTRAL,True
JEFFERSON DAVIS STATUE TO BE REPLACED WITH OBAMA LIKENESS,"Obama statue replacing Jefferson Davis in New Orleans, fake news website says",NEGATIVE,NEGATIVE,POSITIVE,NEUTRAL,POSITIVE,NEGATIVE,NEUTRAL,NEUTRAL,True
DONALD TRUMP PRAISES COLONEL SANDERS FOR HIS SERVICE IN THE CIVIL WAR Manny Schewitz O 2 Days Ago Off the Wire Speaking to Our Intern Dave Robicheaux Who Is Paid in Facebook Likes Trump Insisted Col H,Trump calling KFC‚Äôs Col. Sanders a Civil War hero was a parody site‚Äôs story,NEGATIVE,NEGATIVE,NEUTRAL,NEUTRAL,POSITIVE,NEUTRAL,NEUTRAL,NEUTRAL,False
WORSE THAN HITLER! Trey Gowdy‚Äôs Son Found In A Dumpster In DC! Murders Are Being Questioned!,Fake news posts wrongly say U.S. Rep. Trey Gowdy‚Äôs son found dead in a dumpster,NEGATIVE,NEGATIVE,POSITIVE,POSITIVE,NEGATIVE,NEGATIVE,NEUTRAL,NEUTRAL,True
Morgan Freeman: ‚ÄòJailing Hillary‚Äô Best Way To ‚ÄòRestore Public Faith In Govt‚Äô,Fake news: Morgan Freeman did not say he wanted Hillary Clinton imprisoned,POSITIVE,NEGATIVE,POSITIVE,NEGATIVE,POSITIVE,NEGATIVE,NEUTRAL,NEUTRAL,True
UPDATE: Malia Obama Among 10 Arrested In Racist Antifa Attack,"Bloggers invent (another) nonsensical claim about Malia Obama, Antifa-linked arrest",NEGATIVE,NEGATIVE,POSITIVE,NEUTRAL,NEGATIVE,NEGATIVE,NEUTRAL,NEUTRAL,False
UPDATE: Second Roy Moore Accuser Works For Michelle Obama Right NOW -,Story tying Roy Moore accuser to Obamas is fake,NEGATIVE,NEGATIVE,POSITIVE,NEGATIVE,NEUTRAL,NEGATIVE,NEUTRAL,NEUTRAL,True
"DONALD TRAIN NEWS: BREAKING: Rosa Parks‚Äô Granddaughter SLAMS Racist Democrats, Endorses Trump","No, Rosa Parks' granddaughter didn't praise Trump",NEGATIVE,NEGATIVE,NEUTRAL,NEUTRAL,NEGATIVE,NEGATIVE,NEUTRAL,NEUTRAL,True
BREAKING: 2 Million Rounds Of Ammo That ‚ÄòWent Missing‚Äô Under Obama Turns Up In Enemy Hands,Fake news: 2 million rounds of U.S. ammo turns up in Afghanistan,NEGATIVE,NEGATIVE,POSITIVE,POSITIVE,NEGATIVE,NEGATIVE,NEUTRAL,NEUTRAL,True
"Melania Trump: ‚ÄòIf ISIS Lay A Finger On Barron, I‚Äôll Scratch Obama‚Äôs Eyes Out‚Äô",No proof that Melania Trump said if ISIS harms her son she will scratch out Obama's eyes,NEGATIVE,NEGATIVE,NEUTRAL,NEUTRAL,NEUTRAL,POSITIVE,NEUTRAL,NEUTRAL,True
"Singer Tina Turner: ‚ÄúThis Thanksgiving Is The First Time in 8 Years That I am Thankful For Our President, God Bless Him And His Supporters.‚Äù Do You Support To Tina ? ‚Äì American President Donald J. Tru",No evidence that Tina Turner is thankful for Donald Trump,POSITIVE,NEGATIVE,NEUTRAL,NEGATIVE,POSITIVE,NEGATIVE,NEUTRAL,NEUTRAL,True
Saudi Arabia to Behead 6 School Girls for Being With Their Male Friends Without Parents or a Guardian,Fake news: girls in Saudi Arabia will be beheaded for dancing with boys,NEGATIVE,NEGATIVE,POSITIVE,NEUTRAL,POSITIVE,NEGATIVE,NEUTRAL,NEUTRAL,True
The Kardashians donate whopping sum to Las Vegas mass shooting victims,It's fake news that Kardashians donate $1 million to Las Vegas shooting victims,POSITIVE,NEGATIVE,POSITIVE,NEUTRAL,NEGATIVE,NEGATIVE,NEUTRAL,NEUTRAL,True
San Juan City Council Votes Unanimously To Impeach Trump-Hating Mayor,Fake blog posts say San Juan city council impeaches Mayor Carmen Yulin Cruz,NEGATIVE,NEGATIVE,POSITIVE,NEUTRAL,NEGATIVE,NEGATIVE,NEUTRAL,NEUTRAL,True
ICE Detainer Issued for Suspected Wine Country Arsonist in Sonoma Jail,Breitbart‚Äôs False and inflammatory claim about deadly Wine Country fires,NEGATIVE,NEGATIVE,POSITIVE,POSITIVE,NEGATIVE,NEGATIVE,NEUTRAL,NEUTRAL,True
UPDATE: Hillary Clinton Leaves The Country As Mueller Indictment Is Announced,Fake news site claims Hillary Clinton flies to Ukraine ahead of indictments,NEGATIVE,NEGATIVE,POSITIVE,NEUTRAL,NEGATIVE,NEGATIVE,NEUTRAL,NEUTRAL,True
Breaking: Mar-A-Lago Destroyed By Irma-Jared Kushner Still Missing,"No, Jared Kushner is not missing after Hurricane Irma demolished Mar-a-Lago",NEGATIVE,NEGATIVE,NEGATIVE,POSITIVE,NEGATIVE,POSITIVE,NEUTRAL,NEUTRAL,True
BREAKING: US comedian Kevin Hart in critical condition after gory car crash,"Comedian Kevin Hart‚Äôs confession is real, but car crash report is fake news",NEGATIVE,NEGATIVE,POSITIVE,POSITIVE,NEGATIVE,NEGATIVE,NEUTRAL,NEUTRAL,True
Obama Secretly Flees US ‚Äì Leaves Stunning Evidence Behind,"No, Barack Obama did not flee the country because of criminal activity",NEGATIVE,NEGATIVE,POSITIVE,POSITIVE,POSITIVE,POSITIVE,NEUTRAL,NEUTRAL,True
All Citizens Who Want to Receive Gvt Benefits Must Agree to Be Microchipped in the Near Future,No evidence for website's claim about microchipping government benefits recipients,NEGATIVE,NEGATIVE,NEUTRAL,NEGATIVE,POSITIVE,NEGATIVE,NEUTRAL,NEUTRAL,True
BREAKING: Malia Obama SUSPENDED After Racist Anti-White Attack Goes Viral,Fake story says Malia Obama suspended from Harvard,NEGATIVE,NEGATIVE,POSITIVE,NEUTRAL,NEGATIVE,NEGATIVE,NEUTRAL,NEUTRAL,True
Obama Announces Bid To Become UN Secretary General ‚Äì Usa News,"No, Barack Obama did not announce bid for United Nations secretary-general",POSITIVE,NEGATIVE,NEUTRAL,NEGATIVE,POSITIVE,NEGATIVE,NEUTRAL,NEUTRAL,True
"BREAKING: British Intelligence Seizes Clinton Foundation Warehouse, $400 Million In Cash ‚Äì NRTOnline","No, British Intelligence didn't seize $400 million from Clinton Foundation",NEGATIVE,NEGATIVE,NEUTRAL,NEUTRAL,POSITIVE,NEGATIVE,NEUTRAL,NEUTRAL,True
Clinton Email: We Must Destroy Syria For Israel,Hoax claims Hillary Clinton is responsible for war in Syria,NEGATIVE,NEGATIVE,NEGATIVE,POSITIVE,NEGATIVE,NEGATIVE,NEUTRAL,NEUTRAL,False
Archbishop Desmond Tutu dies while holidaying in Texas,Website falsely claims Desmond Tutu died in Texas,NEGATIVE,NEGATIVE,POSITIVE,NEUTRAL,NEGATIVE,NEGATIVE,NEUTRAL,NEUTRAL,True
Denzel Washington: With Trump we avoided war with Russia and Orwellian Police State,"No, Denzel Washington didn't praise Trump for averting war with Russia",POSITIVE,NEGATIVE,NEUTRAL,NEUTRAL,NEGATIVE,NEUTRAL,NEUTRAL,NEUTRAL,True
Did Kevin Bacon really say we're 'blessed' with Trump presidency?,"No, Kevin Bacon did not say 'we are blessed' to have Donald Trump as president",NEGATIVE,NEGATIVE,NEUTRAL,NEGATIVE,POSITIVE,NEGATIVE,NEUTRAL,NEUTRAL,True
JUST IN: 45 States Just Banned Sharia Law. Do You Support This? ‚Äì ChristmasGifts,"No, majority of states did not ban Sharia law",POSITIVE,NEGATIVE,NEUTRAL,NEUTRAL,NEUTRAL,POSITIVE,NEUTRAL,NEUTRAL,True
"Russian source behind Trump dossier killed in Russian plane crash, Rosatom CFO also dead. : conspiracy",Fake news claims two Russian officials dead in plane crash,NEGATIVE,NEGATIVE,POSITIVE,POSITIVE,NEGATIVE,NEGATIVE,NEUTRAL,NEUTRAL,True
"Michelle Obama: ‚ÄòFlorida Shooting Is Clearly Trump‚Äôs Fault, These Shootings Are Happening Constantly Since He Became Our President.We Must Protect Our Children From This Tyrant‚ÄùDo You Support Her?‚Äô",Fake news says Michelle Obama blamed Donald Trump for Florida shooting,POSITIVE,NEGATIVE,POSITIVE,NEGATIVE,POSITIVE,NEGATIVE,NEUTRAL,NEUTRAL,True
Trump Declares Globalist Soros As ‚ÄúNational Security Threat‚Äù‚Ä¶Using Obama‚Äôs 2014 Executive Order,"No, Trump did not declare George Soros a security threat",NEGATIVE,NEGATIVE,NEUTRAL,NEUTRAL,POSITIVE,NEUTRAL,NEUTRAL,NEUTRAL,True
Trump Vows to End Winter Heating Assistance for Elderly and Disabled ‚Äì Our Voice,Headline misleads about Trump's budget proposal and heating program for poor,NEGATIVE,NEGATIVE,POSITIVE,POSITIVE,NEGATIVE,NEGATIVE,NEUTRAL,NEUTRAL,False
Actress Sandra Bullock to Hillary Clinton if You Don't Like Our President You Can Leave and Never Come Back Again You Are One Jealous Woman Who Ls Nothing to Compare With Trump I Hope He Will Arrest Y,"No, Sandra Bullock didn't disparage Hillary Clinton",NEGATIVE,POSITIVE,NEUTRAL,POSITIVE,POSITIVE,POSITIVE,NEUTRAL,NEUTRAL,True
Queen Elizabeth Removes Obamas from Royal Wedding Guest List,No proof that Queen Elizabeth removed Obamas from Prince Harry's wedding guest list,NEGATIVE,NEGATIVE,NEUTRAL,NEUTRAL,NEUTRAL,POSITIVE,NEUTRAL,NEUTRAL,True
Delta Force Raids Obama Stronghold in Thailand,Fake news: military raided Obama's compound in Thailand with Trump's permission,NEGATIVE,NEGATIVE,POSITIVE,NEUTRAL,NEGATIVE,NEGATIVE,NEUTRAL,NEUTRAL,True
First Indictment Issued In Russian Bribery Case Tied To Obama-Era Uranium One Deal,"No, Uranium One investigation has not led to an indictment",NEGATIVE,NEGATIVE,NEUTRAL,NEGATIVE,NEGATIVE,NEUTRAL,NEUTRAL,NEUTRAL,True
Bill Clinton‚Äôs Hitman Confesses On His Deathbed (SOURCE: HANNITY),Fake news story says hitman for Bill Clinton confesses,NEGATIVE,NEGATIVE,POSITIVE,NEUTRAL,NEUTRAL,NEGATIVE,NEUTRAL,NEUTRAL,True
82-Year-Old Who Killed A Muslim In Self-Defense Gets The Death Penalty,Fake story says elderly man shot Muslims in self defense,NEGATIVE,NEGATIVE,POSITIVE,POSITIVE,NEGATIVE,NEGATIVE,NEUTRAL,NEUTRAL,True
Mueller Will Be Forced To Resign Over Pelosi Affair,"Headline says Mueller-Pelosi affair is 'steamy,' but it's fake news",NEGATIVE,NEGATIVE,POSITIVE,POSITIVE,NEGATIVE,NEGATIVE,NEUTRAL,NEUTRAL,True
Iranian Official Drops Bombshell: Obama Secretly Gave Citizenship to 2500 Iranians as Part of Nuke Deal,"No evidence that Obama secretly granted citizenship to 2,500 Iranians as part of nuclear agreement",NEGATIVE,NEGATIVE,POSITIVE,POSITIVE,NEGATIVE,NEGATIVE,NEUTRAL,NEUTRAL,True
Broward County Sheriff Fired For Lying About Parkland,"No, Broward Sheriff Scott Israel was not fired by Gov. Rick Scott",NEGATIVE,POSITIVE,NEUTRAL,NEUTRAL,NEGATIVE,POSITIVE,NEUTRAL,NEUTRAL,True
"THIS IS AMAZING: In 1984, the New York Times said Trump would be our BEST president‚Ä¶They forgot‚Ä¶..",Fake headline says New York Times said Trump would make the best president in 1984,POSITIVE,NEGATIVE,NEGATIVE,NEGATIVE,POSITIVE,NEUTRAL,NEUTRAL,NEUTRAL,True
Clint Eastwood Leaves His Estate To The Trump 2020 Campaign,It's not true that Clint Eastwood soon to leave millions to Trump 2020 campaign,POSITIVE,NEGATIVE,POSITIVE,NEUTRAL,NEGATIVE,NEGATIVE,NEUTRAL,NEUTRAL,False
Clinton Body Count Series #5: Woman Set to Testify Against Clintons Blown Up in Home Explosion,No evidence woman who died in home explosion was to testify against Clintons,NEGATIVE,NEGATIVE,NEUTRAL,NEUTRAL,NEUTRAL,POSITIVE,NEUTRAL,NEUTRAL,True
"ABC News Joins Obama In Ban Of American Flag Lapel Pins, Here‚Äôs What You Need To Know","No, ABC News did not recently ban American flag pins on TV",NEGATIVE,NEGATIVE,NEUTRAL,NEUTRAL,NEGATIVE,POSITIVE,NEUTRAL,NEUTRAL,True
"FOX Network Picks Up ‚ÄòRoseanne,‚Äô Saying It Has No Problem With Occasional Racism ‚Äì The Newly Press News Network ‚Äì POTUS Press Network",Website falsely claims Fox announced plans to pick up 'Roseanne' show,POSITIVE,NEGATIVE,POSITIVE,NEGATIVE,POSITIVE,NEGATIVE,NEUTRAL,NEUTRAL,True
BREAKING: Mike Huckabee Just Fired!,No evidence that Trump ally Mike Huckabee was fired,NEGATIVE,NEGATIVE,NEUTRAL,NEUTRAL,NEGATIVE,NEUTRAL,NEUTRAL,NEUTRAL,True
Investigators: Anthony Bourdain Was Killed By Clinton Operatives,Clickbait headline wrongly blames Clintons for Anthony Bourdain's death,NEGATIVE,NEGATIVE,POSITIVE,POSITIVE,NEGATIVE,NEGATIVE,NEUTRAL,NEUTRAL,False
Senate Report Admits Clinton ‚ÄòGifted‚Äô Children To Human Traffickers,False headline wrongly links Hillary Clinton to former government shortcomings on immigration,NEGATIVE,NEGATIVE,POSITIVE,NEGATIVE,POSITIVE,NEGATIVE,NEUTRAL,NEUTRAL,True
BUSTED: Obama is Holding Secret Meetings to OVERTAKE the White House,Website touts misleading headline about Obama plotting White House takeover,NEGATIVE,NEGATIVE,NEUTRAL,POSITIVE,NEUTRAL,NEGATIVE,NEUTRAL,NEUTRAL,False
A Trump fan was just charged with trying to murder Maxine Waters on same day Trump threatened her,"No, a Trump supporter did not try to murder Rep. Maxine Waters following Trump 'threat'",NEGATIVE,NEGATIVE,NEUTRAL,NEUTRAL,NEGATIVE,POSITIVE,NEUTRAL,NEUTRAL,True
Twitter Caught Leaking Donald Trump's Private Messages in Undercover Sting,Website falsely claimed Twitter caught leaking private Trump messages to the Justice Department,NEGATIVE,NEGATIVE,POSITIVE,NEUTRAL,NEGATIVE,NEGATIVE,NEUTRAL,NEUTRAL,True
Keanu on Trump travel ban: 'just terrible',"No, Keanu Reeves did not call Donald Trump a ‚Äòrole model‚Äô for American youth",NEGATIVE,NEGATIVE,NEUTRAL,POSITIVE,NEGATIVE,NEGATIVE,NEUTRAL,NEUTRAL,True
Kushner And Wife Ivanka Trump Were Tossed Out Of The White House ‚Äî And Donald Is Cutting Them Out Of His Will!,"No, Trump didn't fire Jared Kushner and Ivanka",NEGATIVE,NEGATIVE,NEUTRAL,POSITIVE,NEGATIVE,POSITIVE,NEUTRAL,NEUTRAL,True
BREAKING: Irish superstar Saoirse Ronan dies after on-set accident in St. Lucia,Fake news circulates death hoax about Saoirse Ronan,NEGATIVE,NEGATIVE,POSITIVE,NEUTRAL,NEGATIVE,NEGATIVE,NEUTRAL,NEUTRAL,True
"80% of black men in Atlanta are Homosexuals, study says","No, study did not find that 80 percent of black men in Atlanta are gay",NEGATIVE,NEGATIVE,NEGATIVE,POSITIVE,NEUTRAL,NEUTRAL,NEUTRAL,NEUTRAL,True
Trey Gowdy Breaks His Silence After 2 Of His Investigators Are Found Tortured And Killed‚Ä¶,Internet hoax claims that investigators working for Trey Gowdy were found dead,POSITIVE,NEGATIVE,POSITIVE,NEUTRAL,NEGATIVE,NEGATIVE,NEUTRAL,NEUTRAL,False
BREAKING: Trump Just Ended Welfare For One HUGE Group For 5 Years! ‚Äì Let The Riots ERUPT!,Donald Trump 'just ended welfare' for immigrants? That's False,NEGATIVE,NEGATIVE,POSITIVE,NEGATIVE,NEGATIVE,NEGATIVE,NEUTRAL,NEUTRAL,True
Robert Redford Says: Michelle And Barack Obama Should Get Five Years In Prison,"No, Robert Redford didn't say Michelle and Barack Obama should go to prison",NEGATIVE,NEGATIVE,NEUTRAL,NEUTRAL,NEGATIVE,POSITIVE,NEUTRAL,NEUTRAL,True
FBI RAIDS OBAMA ‚Äì Find Massive Secret That Was Hidden For YEARS,Obama raided by the FBI? Not so fast,NEGATIVE,NEGATIVE,NEGATIVE,POSITIVE,NEUTRAL,NEUTRAL,NEUTRAL,NEUTRAL,False
"CNN Shocks America, FIRES ‚ÄòJournalist‚Äô Who Made Fun Of Sarah Sanders‚Äô Face",Fake story says CNN fired journalist for making fun of Trump's spokeswoman,NEGATIVE,NEGATIVE,POSITIVE,NEGATIVE,NEUTRAL,NEGATIVE,NEUTRAL,NEUTRAL,True
‚ÄòSmallville‚Äô Star Confesses She Sold Children To Rothschilds And Clintons,Smallville actress didn't confess to selling children to Clintons,NEGATIVE,NEGATIVE,NEUTRAL,NEUTRAL,NEUTRAL,NEUTRAL,NEUTRAL,NEUTRAL,False
BREAKING: CZECH REPUBLIC ARMS CITIZENS ‚Äì ‚ÄúYOU CAN NOW SHOOT TERRORISTS ON SIGHT‚Äù,"Headline says Czech Republic armed citizens to shoot terrorists, but that's False",NEGATIVE,NEGATIVE,POSITIVE,NEUTRAL,NEGATIVE,NEGATIVE,NEUTRAL,NEUTRAL,True
BREAKING: Hillary Clinton Killed In Monster Truck Mishap,Headline that Hillary Clinton killed by monster truck is fake news,NEGATIVE,NEGATIVE,POSITIVE,POSITIVE,NEGATIVE,NEGATIVE,NEUTRAL,NEUTRAL,True
Breaking: 3 liberal celebrities arrested for conspiracy to assassinate President Trump,"No, celebrities were not arrested trying to assassinate Trump",NEGATIVE,NEGATIVE,NEUTRAL,NEGATIVE,NEGATIVE,POSITIVE,NEUTRAL,NEUTRAL,True
BREAKING: 3 Liberal Celebrities Arrested For Conspiracy To Assassinate President Trump,"No, celebrities were not arrested trying to assassinate Trump",NEGATIVE,NEGATIVE,NEUTRAL,NEGATIVE,NEGATIVE,POSITIVE,NEUTRAL,NEUTRAL,True
Melania Just Hit Donald Trump With Shocking Announcement He Never Saw Coming,Website falsely claims Melania Trump made 'shocking announcement' to Donald Trump,NEGATIVE,NEGATIVE,POSITIVE,POSITIVE,NEGATIVE,NEGATIVE,NEUTRAL,NEUTRAL,True
Eric Schneiderman Helped NXIVM Sell Child Sex Slaves To The Clintons,"No, Eric Schneiderman didn't sell child sex slaves to Clintons",NEGATIVE,NEGATIVE,NEUTRAL,NEUTRAL,NEGATIVE,POSITIVE,NEUTRAL,NEUTRAL,True
Trump Votes For Death Penalty For Being Gay,"No, Trump didn't vote for death penalty for gay people",NEGATIVE,NEGATIVE,NEGATIVE,NEGATIVE,NEGATIVE,POSITIVE,NEUTRAL,NEUTRAL,True
"OFFICIAL: Rudy Giuliani Officially Resigns, Trump‚Äôs Legal Team on Its Last Leg","No, Rudy Giuliani didn't quit Donald Trump legal team",NEGATIVE,NEGATIVE,NEGATIVE,NEGATIVE,NEUTRAL,NEGATIVE,NEUTRAL,NEUTRAL,True
BREAKING: Santa Fe Killer Confesses His Love For Obama,No evidence Santa Fe killer expressed love for Obama,POSITIVE,NEGATIVE,NEGATIVE,NEGATIVE,POSITIVE,NEGATIVE,NEUTRAL,NEUTRAL,True
Hillary Clinton Furious At ‚ÄòSpecial Gift‚Äô Melania Trump Sent Her From Her Hospital Bed,"No, Hillary Clinton isn't furious at Melania Trump over hospital gift",NEGATIVE,POSITIVE,NEUTRAL,NEGATIVE,NEGATIVE,POSITIVE,NEUTRAL,NEUTRAL,True
CNN To Permanently Close Its Doors As Ratings Plunge 30 Percent,"No, CNN isn't closing after ratings drop",NEGATIVE,NEGATIVE,NEUTRAL,NEUTRAL,NEUTRAL,POSITIVE,NEUTRAL,NEUTRAL,True
"Actor Brad Pitt: 'Trump Is Not My President, We Have No Future With This...'","No, Brad Pitt didn‚Äôt say that Trump is not my president",NEGATIVE,NEGATIVE,NEUTRAL,NEUTRAL,NEUTRAL,NEUTRAL,NEUTRAL,NEUTRAL,True
BOMBSHELL!! Obama Paid FBI Informant Over $1 MILLION To Do It To Trump! EVEN AFTER THE ELECTION!,Online story gets details wrong about informant payment in Trump Russia probe,NEGATIVE,NEGATIVE,POSITIVE,NEUTRAL,NEUTRAL,NEGATIVE,NEUTRAL,NEUTRAL,False
USA: Mysterious Nazi submarine from WWII discovered in Great Lakes!,"No, a German submarine wasn't just discovered in Great Lakes",NEGATIVE,NEGATIVE,NEGATIVE,NEGATIVE,POSITIVE,NEGATIVE,NEUTRAL,NEUTRAL,True
Police Find 19 White Female Bodies In Freezers With ‚ÄúBlack Lives Matter‚Äù Carved Into Skin,That fake story connecting dead bodies and Black Lives Matter is back,NEGATIVE,NEGATIVE,POSITIVE,POSITIVE,POSITIVE,NEGATIVE,NEUTRAL,NEUTRAL,True
"L.A.‚Äôs Elite Cannibal Restaurant Boasts Katy Perry, Meryl Streep, Chelsea Clinton As Members",Fact check: Los Angeles ‚ÄúCannibal Club‚Äù is an old hoax,POSITIVE,NEGATIVE,NEGATIVE,NEUTRAL,NEGATIVE,NEGATIVE,NEUTRAL,NEUTRAL,False
Bill Gates Outlines 2018 Plan To Depopulate The Planet,"No, Bill Gates does not plan to depopulate the earth with vaccinations.",NEGATIVE,NEGATIVE,NEUTRAL,NEUTRAL,NEUTRAL,NEUTRAL,NEUTRAL,NEUTRAL,True
Gwen Stefani Says It's 'Pretty Cute' When People Mistakenly Call Blake Shelton Her Husband,Gwen Stefani Addresses Rumors That She & Blake Shelton Are Calling Off Their¬†Wedding,POSITIVE,NEGATIVE,NEUTRAL,NEGATIVE,POSITIVE,NEUTRAL,NEUTRAL,NEUTRAL,False
President Trump Just Saved Christmas For 13 Million Retirees,Not real: President Trump Just Saved Christmas For 13 Million Retirees,POSITIVE,POSITIVE,POSITIVE,NEUTRAL,POSITIVE,NEGATIVE,NEUTRAL,NEUTRAL,False
Kim Kardashian Baby Name Shocker! Star Fights With Pregnant Kylie Over What To Call Daughter,Kim Kardashian hits out at ‚Äòfake stories‚Äô amid Kylie Jenner pregnancy rumours,NEGATIVE,NEGATIVE,POSITIVE,NEGATIVE,NEGATIVE,NEGATIVE,NEUTRAL,NEUTRAL,True
US report: Jennifer Aniston pregnant with Brad Pitt's baby,"Jennifer Aniston NOT Pregnant With Brad Pitt‚Äôs Baby, Despite Report",POSITIVE,NEGATIVE,POSITIVE,NEGATIVE,POSITIVE,NEUTRAL,NEUTRAL,NEUTRAL,False
"BREAKING: Trump Just Gave Every WORKING, LEGAL Man Woman And Child In The USA $612 EACH! -",PunditFact: Donald Trump did not give every working American $612 through stimulus program,POSITIVE,NEGATIVE,NEUTRAL,NEGATIVE,POSITIVE,NEUTRAL,NEUTRAL,NEUTRAL,False
The picture that proves Meghan Markle and Prince Harry aren't having children quite yet,Baby Archie Is Adorable in New Photos With Meghan Markle and Prince Harry,NEGATIVE,POSITIVE,NEGATIVE,NEGATIVE,NEGATIVE,POSITIVE,NEUTRAL,NEUTRAL,False
"Caitlyn Jenner confirms Kylie, 20, IS expecting a baby","Kylie Jenner Isn't Pregnant With Baby #2, Sources Say",POSITIVE,NEGATIVE,NEGATIVE,NEUTRAL,NEUTRAL,NEUTRAL,NEUTRAL,NEUTRAL,False
Brad and Ange back together, Brad Pitt and Angelina Jolie NOT getting back together reveals ‚Äòclose family friend‚Äô after rumours they had reunited,POSITIVE,NEGATIVE,NEUTRAL,NEUTRAL,POSITIVE,NEGATIVE,NEUTRAL,NEUTRAL,False
What! Brad Pitt is smitten by a young Angelina Jolie-lookalike?,"Brad Pitt is NOT dating Angelina Jolie lookalike, Ella Purnell, 21, after being linked to the Brit actress in his new TV series",NEGATIVE,NEGATIVE,NEGATIVE,NEGATIVE,NEUTRAL,NEUTRAL,NEUTRAL,NEUTRAL,False
"Jennifer Aniston and Brad Pitt Could Soon Be Having a Baby: ""They're Ready"" (EXCLUSIVE)",The Real Reason Jennifer Aniston Didn't Have Kids With Brad Pitt,POSITIVE,NEGATIVE,NEGATIVE,NEGATIVE,POSITIVE,NEUTRAL,NEUTRAL,NEUTRAL,False
HollywoodLife Flips-Flops On John Cena Wanting Children With Nikki Bella,John Cena has explained why he'll never have kids,NEGATIVE,NEGATIVE,NEUTRAL,NEUTRAL,NEGATIVE,POSITIVE,NEUTRAL,NEUTRAL,False
US report: Mary-Kate Olsen pregnant,Rep says Mary-Kate Olsen not pregnant,POSITIVE,NEGATIVE,POSITIVE,NEGATIVE,POSITIVE,NEUTRAL,NEUTRAL,NEUTRAL,False
Are Stella Maxwell & Kristen Stewart Still Dating? Here's Everything We Know,Kristen Stewart and Stella Maxwell Split: What Went Wrong? (Exclusive),POSITIVE,NEGATIVE,POSITIVE,NEUTRAL,NEUTRAL,NEUTRAL,NEUTRAL,NEUTRAL,False
Fans Say Footage Shows Miley Cyrus Has A Baby Bump,"Miley Cyrus Is Not Pregnant Despite Rumors, Rep Tells Us",POSITIVE,NEGATIVE,POSITIVE,NEUTRAL,POSITIVE,NEGATIVE,NEUTRAL,NEUTRAL,False
Kate Middleton Really Wants to Get Pregnant With Baby No. 3 but Prince William Is Not Having It (EXCLUSIVE),Kate Middleton and Prince William Have Welcomed Their Third Child,NEGATIVE,POSITIVE,NEUTRAL,NEGATIVE,NEGATIVE,POSITIVE,NEUTRAL,NEUTRAL,False
Is Meghan Markle Already Pregnant? The Evidence Speaks for Itself,Meghan Markle Fake Pregnancy Conspiracies Are Flooding Twitter and YouTube,POSITIVE,NEGATIVE,POSITIVE,NEGATIVE,NEUTRAL,NEGATIVE,NEUTRAL,NEUTRAL,True
Story About The Weeknd Sending Bella Hadid Flowers Before Victoria‚Äôs Secret Fashion Show Is Made Up,The Weeknd reportedly sent Bella Hadid flowers to celebrate her Victoria's Secret return,POSITIVE,POSITIVE,POSITIVE,POSITIVE,NEUTRAL,POSITIVE,NEUTRAL,NEUTRAL,False
Alexandra Daddario Slams Rumors She‚Äôs Still Dating Zac Efron ‚Äî What Happened?,Zack Efron is dating Alexandra Daddario,NEGATIVE,POSITIVE,NEUTRAL,NEUTRAL,NEGATIVE,NEUTRAL,NEUTRAL,NEUTRAL,False
Is Billy Bush Begging To Be On ‚ÄòDWTS 2017?‚Äô [UPDATE],"No, Dancing With the Stars Apparently Isn‚Äôt Recruiting Billy Bush",NEGATIVE,NEGATIVE,NEGATIVE,NEUTRAL,NEUTRAL,NEUTRAL,NEUTRAL,NEUTRAL,True
Are Blac Chyna And Drake Dating? Everything We Know So Far,"DRAKE, BLAC CHYNA NOT DATING, DESPITE REPORTS",POSITIVE,NEGATIVE,NEUTRAL,NEGATIVE,NEUTRAL,NEUTRAL,NEUTRAL,NEUTRAL,False
Hugh Jackman reportedly ‚Äòflips out‚Äô off-camera after losing best actor to James Franco,"HUGH JACKMAN DID NOT ""FLIP OUT"" AFTER LOSING GOLDEN GLOBE TO JAMES FRANCO, DESPITE REPORT",NEGATIVE,POSITIVE,NEGATIVE,NEGATIVE,NEUTRAL,POSITIVE,NEUTRAL,NEUTRAL,False
"Two years on, here‚Äôs why the Brad Pitt-Angelina Jolie divorce isn‚Äôt final yet",Brad Pitt and Angelina Jolie‚Äôs Divorce ‚ÄòIs Final‚Äô After 7 Years of Fighting: ‚ÄòA Huge Victory for Brad‚Äô,NEGATIVE,POSITIVE,NEGATIVE,NEUTRAL,NEUTRAL,POSITIVE,NEUTRAL,NEUTRAL,False
Sick‚Äô Pedophiles ‚ÄòControl‚Äô the Music Industry,Katy Perry Did Not Say ‚Äú‚ÄòSick‚Äô Pedophiles ‚ÄòControl‚Äô The Music Industry‚Äù,NEGATIVE,POSITIVE,POSITIVE,POSITIVE,NEGATIVE,POSITIVE,NEUTRAL,NEUTRAL,False
"Justin Bieber Wants To Act, So He Asked Adam Sandler and David Spade For Advice","Adam Sandler Confirms Justin Bieber Didn‚Äôt Ask For Acting Advice, Says Singer Is ‚ÄòFunny As Hell‚Äô [Opinion]",NEGATIVE,POSITIVE,NEGATIVE,NEGATIVE,POSITIVE,NEUTRAL,NEUTRAL,NEUTRAL,False
Katie Holmes pregnant with Jamie Foxx‚Äôs child at Met Gala: rumors,Katie Holmes isn't pregnant with Jamie Foxx‚Äôs baby and there's no wedding,NEGATIVE,NEGATIVE,NEGATIVE,NEGATIVE,NEUTRAL,NEUTRAL,NEUTRAL,NEUTRAL,False
JayZ Secretly Gay  Ridiculous Speculation,Jay-Z reveals gay secret,NEGATIVE,POSITIVE,NEGATIVE,NEGATIVE,NEGATIVE,NEUTRAL,NEUTRAL,NEUTRAL,False
BREAKING: First NFL Team Declares Bankruptcy Over Kneeling Thugs,"No, Jaguars NFL team didn't declare bankruptcy after players took a knee",NEGATIVE,NEGATIVE,NEUTRAL,NEGATIVE,NEGATIVE,POSITIVE,NEUTRAL,NEUTRAL,True
Putin says: ‚ÄòPope Francis Is Not A Man Of God‚Äô | Must-See¬†!!,Bloggers push fake story that Vladimir Putin said Pope Francis is 'not a man of God' ,NEGATIVE,NEGATIVE,POSITIVE,NEUTRAL,NEGATIVE,NEGATIVE,NEUTRAL,NEUTRAL,True
New York Man Wanted For Infecting 240 Men And Women With HIV!!!,Story about man spreading HIV to more than 200 people is fake,NEGATIVE,NEGATIVE,NEUTRAL,NEGATIVE,NEGATIVE,NEGATIVE,NEUTRAL,NEUTRAL,True
Target to Discontinue Sale of Holy Bible,Target IS NOT To Discontinue Sale Of Holy Bible - They Don't Sell It,NEGATIVE,NEGATIVE,NEUTRAL,NEUTRAL,NEUTRAL,NEUTRAL,NEUTRAL,NEUTRAL,False
Youngest World Leader Bans George Soros‚Äôs Foundations From Austria,Did Austria's Sebastian Kurz ban George Soros' organization? That's fake news,NEGATIVE,NEGATIVE,POSITIVE,NEUTRAL,NEGATIVE,NEGATIVE,NEUTRAL,NEUTRAL,True
Gretchen Carlson: ‚ÄúThe 2nd Amendment Was Written Before Guns Were Invented‚Äù,"No, Gretchen Carlson didn't say 2nd Amendment written before guns invented ",NEGATIVE,NEGATIVE,NEUTRAL,NEUTRAL,NEGATIVE,POSITIVE,NEUTRAL,NEUTRAL,True
"Pope Francis At Mass: ‚ÄòJesus Is Metaphorical, Not Literal‚Äô","Pope never said Jesus was a metaphor, as dodgy site claims",POSITIVE,NEGATIVE,NEUTRAL,NEUTRAL,POSITIVE,POSITIVE,NEUTRAL,NEUTRAL,False
Black Men Arrested In Philadelphia Starbucks Settle For $2 Million,False Headline in Philly Starbucks Settlement,POSITIVE,NEGATIVE,POSITIVE,POSITIVE,NEGATIVE,NEGATIVE,NEUTRAL,NEUTRAL,True
BREAKING: Nancy Pelosi To Resign After New Revelations ‚Äì NRTOnline,"No, House Minority leader Nancy Pelosi is not resigning",NEGATIVE,POSITIVE,NEUTRAL,NEGATIVE,NEGATIVE,POSITIVE,NEUTRAL,NEUTRAL,True
Clinton Campaign official arrested by FBI on child rape/trafficking charges,Man sentenced for child sex crimes did not work for Clinton campaign,NEGATIVE,NEGATIVE,NEUTRAL,NEUTRAL,NEGATIVE,NEGATIVE,NEUTRAL,NEUTRAL,False
NRA President Jim Porter:Its Only A Matter Of Time Before We Can Own Colored People,"NRA President Jim Porter Falsely Accused of Saying, ‚ÄúIt‚Äôs Only A Matter Of Time Before We Can Own Colored People Again‚Äù",NEGATIVE,NEGATIVE,NEGATIVE,NEGATIVE,POSITIVE,NEGATIVE,NEUTRAL,NEUTRAL,True
"NYC: PHYSICIAN and Wife Jump To Death‚Ä¶Leave Kids Behind Because They ‚ÄúCan‚Äôt Afford The Health Care‚Äù Only Hours After McCain, Murkowski, Collins and EVERY Democrat Voted To Keep Obamacare -",Blog posts don't update bad details about couple's suicide over health care,NEGATIVE,NEGATIVE,POSITIVE,POSITIVE,POSITIVE,NEGATIVE,NEUTRAL,NEUTRAL,False
Snapchat is shutting down!,"Fact check: Snapchat had temporary login outage, did not permanently shut down",NEGATIVE,NEGATIVE,POSITIVE,POSITIVE,NEUTRAL,NEGATIVE,NEUTRAL,NEUTRAL,False
CNN host Fareed Zakaria calls for jihad rape of white women,FALSE: CNN Host Fareed Zakaria calls for Jihad Rape of White Women,NEGATIVE,NEGATIVE,POSITIVE,NEUTRAL,NEGATIVE,NEGATIVE,NEUTRAL,NEUTRAL,True
Could Trump Win The Nobel Peace Prize? Peace in Korean Peninsula Would Be Significant Foreign Policy Achievement,Trump‚Äôs Nobel Nonsense,POSITIVE,NEGATIVE,NEUTRAL,NEGATIVE,POSITIVE,NEGATIVE,NEUTRAL,NEUTRAL,False
BREAKING: Illegal Muslim From Iran Arrested For Starting California Wildfire,Fake News: NO Illegal Muslim From Iran Arrested For Starting California Wildfire,NEGATIVE,NEGATIVE,POSITIVE,POSITIVE,NEGATIVE,POSITIVE,NEUTRAL,NEUTRAL,True
"NFL Lawyer, Who Claimed Super Bowl Is ‚ÄòRigged‚Äô, Found Dead",Story that NFL lawyer said Super Bowl rigged and was murdered is fake news,NEGATIVE,NEGATIVE,POSITIVE,NEGATIVE,NEGATIVE,NEGATIVE,NEUTRAL,NEUTRAL,True
"Japanese Whaling Crew Eaten Alive By Killer Whales, 16 dead","No, Whales Didn‚Äôt Eat Whalers",NEGATIVE,NEGATIVE,NEUTRAL,POSITIVE,NEGATIVE,NEUTRAL,NEUTRAL,NEUTRAL,True
Buzz Aldrin ‚Äòpasses UFO lie detector test leaving experts convinced that he encountered alien life‚Äô,Fact check: False claim that Buzz Aldrin saw an alien on his trip to the moon,POSITIVE,NEGATIVE,POSITIVE,POSITIVE,NEGATIVE,NEGATIVE,NEUTRAL,NEUTRAL,True
Mike Pence: ‚ÄúAllowing Rape Victims To Have Abortions Will Lead To Women Trying To Get Raped‚Äù,Fake Mike Pence Abortion Quote,NEGATIVE,NEGATIVE,POSITIVE,NEUTRAL,NEGATIVE,NEGATIVE,NEUTRAL,NEUTRAL,True
"Paul Ryan: ‚Äú22 Million Americans Choose To Be Poor, So It‚Äôs Their Own Problem If They Can‚Äôt Afford To Be Healthy‚Äù",PunditFact: Fake news story twists Paul Ryan's words on poor people's health care coverage,NEGATIVE,NEGATIVE,POSITIVE,NEGATIVE,NEUTRAL,NEGATIVE,NEUTRAL,NEUTRAL,True
Pope Francis: Gun Owners 'Can‚Äôt Call Themselves Christian' Anymore,"No, Pope Francis didn't say gun owners can't call themselves Christians",NEGATIVE,NEGATIVE,NEUTRAL,NEUTRAL,NEGATIVE,POSITIVE,NEUTRAL,NEUTRAL,True
Tom Price: ‚ÄúIt‚Äôs Better For Our Budget If Cancer Patients Die More Quickly‚Äù,Fake News: Tom Price Did NOT Say It Is Better For Budget If Cancer Patients Die More Quickly,NEGATIVE,NEGATIVE,NEGATIVE,NEGATIVE,NEGATIVE,NEGATIVE,NEUTRAL,NEUTRAL,True
Pope Francis To Followers: ‚ÄúKoran And Holy Bible Are The Same‚Äù,Fake news: Pope Francis did not say the Koran and the Holy Bible are the same,NEGATIVE,NEGATIVE,POSITIVE,NEUTRAL,NEUTRAL,NEGATIVE,NEUTRAL,NEUTRAL,True
"CIA Release Documents Of Moon, Moon Has More Than 250 Million Citizens",No evidence of 250 million moon inhabitants. That‚Äôs made up,POSITIVE,NEGATIVE,NEUTRAL,NEGATIVE,POSITIVE,NEUTRAL,NEUTRAL,NEUTRAL,True
Thousands killed as Israel Drops Tactical Nuclear Bomb On Syria,Fake news claims thousands killed by nuclear bomb in Syria,NEGATIVE,NEGATIVE,POSITIVE,POSITIVE,NEGATIVE,NEGATIVE,NEUTRAL,NEUTRAL,True
BREAKING: Fox Sports Cancels ALL NFL Broadcasts ‚ÄòUntil Players Respect The Flag‚Äô,"No, Fox Sports Has Not Canceled NFL Broadcasts ‚ÄòUntil Players Respect The Flag‚Äô",NEGATIVE,NEGATIVE,NEUTRAL,NEUTRAL,POSITIVE,NEGATIVE,NEUTRAL,NEUTRAL,True
Head Of NFL Fines Steeler Teammates $1 MILLION Each!,NFL‚Äôs Goodell didn't say he would fine Steelers players $1 million each for skipping national anthem,NEGATIVE,NEGATIVE,NEGATIVE,NEUTRAL,NEGATIVE,NEGATIVE,NEUTRAL,NEUTRAL,False
Democrat Maxine Waters Has Shown Up To Only 10% Of Congressional Meetings For 35 YEARS,False Maxine Waters ‚ÄòMeetings‚Äô Statistic,NEGATIVE,NEGATIVE,POSITIVE,NEUTRAL,POSITIVE,NEGATIVE,NEUTRAL,NEUTRAL,True
DEA Just Raided A United States Senator,Claim that Democratic senator busted by DEA is fake news,NEGATIVE,NEGATIVE,POSITIVE,NEUTRAL,POSITIVE,NEGATIVE,NEUTRAL,NEUTRAL,True
Twelve More Hurricanes Headed Towards US,12 hurricanes coming toward U.S.? Fake post is totally wrong,NEGATIVE,NEGATIVE,POSITIVE,NEGATIVE,POSITIVE,NEGATIVE,NEUTRAL,NEUTRAL,True
CALIFORNIA DEMOCRAT MAXINE WATERS CHARGED ON 3 COUNTS. DO YOU SUPPORT THIS?,No New Charges for Maxine Waters,POSITIVE,POSITIVE,POSITIVE,NEUTRAL,NEUTRAL,POSITIVE,NEUTRAL,NEUTRAL,True
Michelle Obama Just Received LIFE-SHATTERING News From The Doctor,Fake news claims that Michelle Obama has made hateful comments about America,POSITIVE,NEGATIVE,POSITIVE,NEUTRAL,NEGATIVE,NEGATIVE,NEUTRAL,NEUTRAL,True
SPECIAL REPORT: GEORGIA BECOMES FIRST STATE TO BAN MUSLIM CULTURE IN HISTORIC MOVE TO RESTORE WESTERN VALUES!,Georgia hasn‚Äôt banned Muslim culture,NEGATIVE,NEGATIVE,NEUTRAL,NEGATIVE,NEGATIVE,NEGATIVE,NEUTRAL,NEUTRAL,False
"Bin Laden is ‚ÄúAlive and well in the Bahamas‚Äù, says Edward Snowden",Years-old story that Edward Snowden can prove Osama bin Laden lives in Bahamas is fake news,NEGATIVE,NEGATIVE,POSITIVE,NEGATIVE,POSITIVE,NEGATIVE,NEUTRAL,NEUTRAL,True
Puerto Rico Mayor Facing Fraud Charges Over $3M In Federal Disaster Relief,Misleading story links San Juan mayor to hurricane relief fraud,NEGATIVE,NEGATIVE,NEUTRAL,NEUTRAL,NEGATIVE,NEGATIVE,NEUTRAL,NEUTRAL,False
Dying 78 Year Old CIA Agent Admits To Killing Marilyn Monroe,Recycled hoax falsely claim CIA agent admitted killing actress Marilyn Monroe,NEGATIVE,NEGATIVE,POSITIVE,NEGATIVE,NEGATIVE,NEGATIVE,NEUTRAL,NEUTRAL,True
"Queen Elizabeth Says: ‚ÄúMuslim Refugees Are Dividing Nationality, I Fully Agree With Donald Trump We Should‚Ä¶‚Äù(VIDEO)","No, Queen Elizabeth did not say she sided with Donald Trump on immigration",POSITIVE,NEGATIVE,NEUTRAL,NEUTRAL,POSITIVE,NEUTRAL,NEUTRAL,NEUTRAL,True
"BOMBSHELL: COMEY KNEW MURDERED DNC STAFFER, SETH RICH, WAS WIKILEAKS SOURCE & COVERED IT UP FOR HILLARY",Conspiracy theory that Comey hid Seth Rich‚Äôs ties to WikiLeaks based on retracted story,NEGATIVE,NEGATIVE,NEGATIVE,NEGATIVE,NEUTRAL,NEGATIVE,NEUTRAL,NEUTRAL,False
"Actress Jennifer Aniston: ‚ÄúMe and All The Trump Supporter Celebrities Decide To Make A Company Named ‚ÄúCelebrities For Trump‚Äù, Which Fight Against All Anti Trump Celebrities, I Think President Trump Ne",Jennifer Aniston Not a Trump Supporter,NEGATIVE,NEGATIVE,NEUTRAL,NEUTRAL,POSITIVE,NEGATIVE,NEUTRAL,NEUTRAL,False
"Police Officers, Firefighters and Others Get Hit with Tax Penalty","Headline misleads about President Trump, police and tax deductions",NEGATIVE,NEGATIVE,NEUTRAL,NEUTRAL,NEGATIVE,NEGATIVE,NEUTRAL,NEUTRAL,False
Whoopi Goldberg: Navy SEAL Widow was ‚ÄúLooking for Attention‚Äù,Whoopi Did Not Say ‚ÄòMilitary Widows Love Their 15 Minutes In the Spotlight‚Äô,NEGATIVE,NEGATIVE,NEGATIVE,NEUTRAL,NEGATIVE,NEGATIVE,NEUTRAL,NEUTRAL,False
Colorado Rockies Baseball Team To Sell Marijuana Brownies At Their Concession Stands,Fake story that Colorado Rockies will sell pot brownies at ballpark strikes out,NEGATIVE,NEGATIVE,POSITIVE,NEUTRAL,NEUTRAL,NEGATIVE,NEUTRAL,NEUTRAL,True
BREAKING: Trump Removes Muslim Federal Judge For Trying To Implement Sharia Law In America,Fact check: Trump didn‚Äôt fire Muslim federal judge,NEGATIVE,NEGATIVE,NEUTRAL,NEUTRAL,NEUTRAL,NEGATIVE,NEUTRAL,NEUTRAL,False
BREAKING: Autopsy Results From Vince Foster‚Äôs Exhumed Body‚ÄìCause Of Death To Be Changed,NOT REAL NEWS: US Navy didn‚Äôt do new autopsy of Vince Foster,NEGATIVE,NEGATIVE,NEGATIVE,NEUTRAL,NEGATIVE,NEGATIVE,NEUTRAL,NEUTRAL,False
"Florida Bridge Collapse, Female Company",NOT REAL NEWS: Florida bridge company isn‚Äôt led by women,NEGATIVE,NEGATIVE,POSITIVE,NEUTRAL,NEGATIVE,NEUTRAL,NEUTRAL,NEUTRAL,False
HRC Caught On Tape Laughing About Irma ¬ëWiping Out All Of Those Florida Hillbillies¬í,"Hillary Clinton wanted Irma to 'wipe every Florida hillbilly off the map,' fake post says",NEGATIVE,NEGATIVE,POSITIVE,NEUTRAL,POSITIVE,NEGATIVE,NEUTRAL,NEUTRAL,True
Alabama State Police Arrest 3 Poll Workers In Birmingham,"No, Alabama poll workers were not arrested in U.S. Senate election",NEGATIVE,NEGATIVE,NEUTRAL,POSITIVE,NEGATIVE,POSITIVE,NEUTRAL,NEUTRAL,True
HOLLYWOOD CELEBS: WE WILL GO ON ‚ÄòTOTAL STRIKE‚Äô IF TRUMP DOES NOT RESIGN,Hollywood celebs didn't announce strike if Donald Trump won't resign,NEGATIVE,NEGATIVE,NEUTRAL,NEUTRAL,NEUTRAL,POSITIVE,NEUTRAL,NEUTRAL,False
NASA Will Pay You 18000 USD To Stay In Bed And Smoke Weed For 70 Straight Days,NASA didn‚Äôt pay people to smoke marijuana,NEGATIVE,NEGATIVE,NEUTRAL,NEGATIVE,NEUTRAL,NEGATIVE,NEUTRAL,NEUTRAL,False
LISTEN: Curious Robocall Seeks 'Damaging' Information on Moore,"No, the Washington Post did not offer $7,000 for Roy Moore dirt",NEGATIVE,NEGATIVE,NEUTRAL,POSITIVE,NEGATIVE,POSITIVE,NEUTRAL,NEUTRAL,True
BREAKING: Florida Moves For FULL RECOUNT Of State Over Massive Voter Fraud (DETAILS),Website falsely claims Florida called for recount over voter fraud,NEGATIVE,NEGATIVE,POSITIVE,NEGATIVE,NEGATIVE,NEGATIVE,NEUTRAL,NEUTRAL,True
"3,000-Pound Great White Shark Captured in Great Lakes","It's fake news that a 3,000-pound shark was caught in Lake Michigan",POSITIVE,NEGATIVE,POSITIVE,NEGATIVE,POSITIVE,NEGATIVE,NEUTRAL,NEUTRAL,True
Babysitter on Crystal Meth Eats 3-Month-Old Baby,Don‚Äôt tell mom the babysitter‚Äôs a cannibal (because it‚Äôs not true),NEGATIVE,NEGATIVE,POSITIVE,NEUTRAL,NEUTRAL,NEGATIVE,NEUTRAL,NEUTRAL,False
JUST IN: John Kerry Facing Prison,John Kerry Not ‚ÄòFacing Prison‚Äô,NEGATIVE,POSITIVE,NEUTRAL,NEUTRAL,NEGATIVE,POSITIVE,NEUTRAL,NEUTRAL,False
"OBAMA CANCELED IT, TRUMP REINSTATED IT ‚Äì A VERY SACRED DAY IS BACK","Pants on Fire! Bloggers claim Obama canceled, Trump revived 'police week'",NEGATIVE,NEGATIVE,NEUTRAL,NEGATIVE,NEUTRAL,NEGATIVE,NEUTRAL,NEUTRAL,False
Morgue employee cremated by mistake while taking a nap,Story about accidentally cremated funeral home worker is still false,NEGATIVE,NEGATIVE,POSITIVE,NEUTRAL,NEGATIVE,NEGATIVE,NEUTRAL,NEUTRAL,True
Stephen Bannon: ‚ÄúNobody Can Blame You For Beating Your Wife If It‚Äôs Out Of Love‚Äù,Reports that Trump aide defended spousal abuse are false,NEGATIVE,NEGATIVE,POSITIVE,NEGATIVE,NEGATIVE,NEGATIVE,NEUTRAL,NEUTRAL,True
US Representatives Promise Implement Of UN Gun-Control Plans,"Conservative website wrong on effects, purpose of UN conference",POSITIVE,NEGATIVE,POSITIVE,NEUTRAL,POSITIVE,POSITIVE,NEUTRAL,NEUTRAL,False
Bill Gates‚Äô Former Doctor Says Billionaire ‚ÄòRefused To Vaccinate His Children‚Äô,Bill Gates did not refuse to vaccinate his children,NEGATIVE,NEGATIVE,NEUTRAL,NEUTRAL,NEGATIVE,POSITIVE,NEUTRAL,NEUTRAL,False
"Haiti Official Getting Ready To Testify Against Clinton Foundation Corruption NEXT WEEK, Found DEAD With ‚ÄúGunshot to the head‚Äù",Fake story ties dead Haitian official to Clinton Foundation allegations,NEGATIVE,NEGATIVE,POSITIVE,NEUTRAL,NEGATIVE,NEGATIVE,NEUTRAL,NEUTRAL,True
Cannibals Arrested in Florida Claim Eating Human Flesh Cures Diabetes and Depression,Cannibalism Cures Diabetes and Depression: Fake News Analysis,NEGATIVE,NEGATIVE,POSITIVE,NEUTRAL,NEGATIVE,NEGATIVE,NEUTRAL,NEUTRAL,True
Laguna Beach Antifa 22m David Hogg Didn't Attend Parkland High School I Went to School With Him at Redondo Shores High School in California and He Graduated in 2015 Here He Is in Our Yearbook From 201,"No, David Hogg didn‚Äôt graduate from a California high school in 2015",POSITIVE,NEGATIVE,NEGATIVE,NEGATIVE,NEUTRAL,NEUTRAL,NEUTRAL,NEUTRAL,True
BREAKING: Monica Lewinsky Found Dead In Roslindale,Fake News: Monica Lewinsky NOT Found Dead In Roslindale,NEGATIVE,NEGATIVE,POSITIVE,POSITIVE,NEGATIVE,NEUTRAL,NEUTRAL,NEUTRAL,True
"Mom applies a remedy to her baby, moments later he dies. Be careful with this, moms!",Parenting blog falsely claims Vicks VapoRub was fatal,NEGATIVE,NEGATIVE,POSITIVE,POSITIVE,NEGATIVE,NEGATIVE,NEUTRAL,NEUTRAL,True
"Flight Crew Takes A Knee And Walks Off, Leaving New Orleans Saints Stranded On Runway","No, a flight crew did not take a knee and strand the New Orleans Saints",NEGATIVE,NEGATIVE,NEGATIVE,NEGATIVE,NEGATIVE,NEUTRAL,NEUTRAL,NEUTRAL,True
Floyd Mayweather Jr. Donates a Whopping Sum of Money to Houston After Hurricane ‚Äì What You Missed,It's fake news that Floyd Mayweather Jr. donated $200 million to Houston for Hurricane Harvey relief,POSITIVE,NEGATIVE,POSITIVE,NEUTRAL,NEUTRAL,NEGATIVE,NEUTRAL,NEUTRAL,True
Chuck Schumer¬ís Steamy Affair With A High School Cheerleader Confirmed,False posts about Sen. Chuck Schumer originated as satire,NEGATIVE,NEGATIVE,POSITIVE,NEGATIVE,NEUTRAL,NEGATIVE,NEUTRAL,NEUTRAL,True
Pope Calls for World Wide Gun Confiscation Except for the UN,Fake news says Pope called for world wide gun confiscation except for the UN,NEGATIVE,NEGATIVE,POSITIVE,POSITIVE,NEGATIVE,NEGATIVE,NEUTRAL,NEUTRAL,True
BREAKING: President Trump Just Told Paul Ryan ‚ÄòYou‚Äôre Fired‚Äô,Donald Trump didn't use 'The Celebrity Apprentice' catchphrase 'You're fired' on Paul Ryan,NEGATIVE,NEGATIVE,NEUTRAL,NEUTRAL,NEGATIVE,POSITIVE,NEUTRAL,NEUTRAL,False
‚ÄúHIV VIRUS‚Äù Found In Walmart Bananas After 10 Year Old Boy Agreements The Infection,Fake news claims that Walmart bananas have HIV virus are fruitless,NEGATIVE,NEGATIVE,POSITIVE,NEGATIVE,NEGATIVE,NEGATIVE,NEUTRAL,NEUTRAL,True
Senate Democrats Demand Supreme Court Nominee Not Be Unduly Influenced By U.S. Constitution,Viral image criticizing Democrats featured fabricated quotes lifted from satire website,NEGATIVE,NEGATIVE,NEUTRAL,NEUTRAL,POSITIVE,NEGATIVE,NEUTRAL,NEUTRAL,False
Application for ‚ÄòMarch For Our Lives‚Äô permit was made months before Parkland school shooting,Gun Control March Not Planned ‚ÄòMonths‚Äô Ago,NEGATIVE,NEGATIVE,NEUTRAL,NEUTRAL,POSITIVE,NEGATIVE,NEUTRAL,NEUTRAL,False
412 Michigan Muslims Arrested In Fed‚Äôs ‚ÄòLARGEST BUST IN U.S. HISTORY‚Äô,Misleading headline says 412 Michigan Muslims busted,NEGATIVE,NEGATIVE,NEUTRAL,NEUTRAL,NEGATIVE,NEGATIVE,NEUTRAL,NEUTRAL,False
BREAKING: Bill O‚ÄôReilly In Critical Condition After Being Attacked By ‚ÄòTolerant‚Äô Liberals,Fake news says Bill O'Reilly beaten unconscious by liberal New Yorkers,NEGATIVE,NEGATIVE,POSITIVE,NEUTRAL,NEGATIVE,NEGATIVE,NEUTRAL,NEUTRAL,True
BREAKING: KEN STARR‚ÄôS PLANE JUST DISAPPEARED ON HIS WAY TO DC TO TESTIFY AGAINST HILLARY,Fake News: Ken Starr NOT Killed In Plane Crash On The Way To DC To Testify,NEGATIVE,NEGATIVE,POSITIVE,NEUTRAL,NEGATIVE,POSITIVE,NEUTRAL,NEUTRAL,True
BREAKING: Supreme Court Issues Its First Bench Warrant Ever,Fake news story says Supreme Court issues bogus warrant in fictional case,POSITIVE,NEGATIVE,POSITIVE,NEGATIVE,POSITIVE,POSITIVE,NEUTRAL,NEUTRAL,True
"Smoking In Cars With Children Is Illegal Starting January 30, 2018",No Federal Ban on Smoking in Cars with Children,NEGATIVE,NEGATIVE,NEUTRAL,POSITIVE,NEGATIVE,POSITIVE,NEUTRAL,NEUTRAL,True
NASA Has Just Confirmed Earth Has A New Moon,"No, NASA has not confirmed Earth has a new moon",POSITIVE,NEGATIVE,POSITIVE,NEGATIVE,POSITIVE,NEGATIVE,NEUTRAL,NEUTRAL,True
UF requests to cancel Rivalry game against FSU,"Gators will still play Seminoles, despite fake news generator claims",NEGATIVE,POSITIVE,POSITIVE,POSITIVE,NEGATIVE,POSITIVE,NEUTRAL,NEUTRAL,True
Las Vegas Shooting Witnesses Report Multiple Gunmen Dressed as Security Guards Oct 3 2017,Blog peddles fake story saying security guards ID'd as shooters at Mandalay Bay ,NEGATIVE,NEGATIVE,POSITIVE,NEUTRAL,POSITIVE,NEGATIVE,NEUTRAL,NEUTRAL,True
"DNC‚Äôs Donna Brazile Dedicated Her Book to ‚ÄòPatriot‚Äô Seth Rich, Whose Death Made Her Fear for Her Own Life",Fake headline says Donna Brazile knows Seth Rich was murdered by Clintons ,POSITIVE,NEGATIVE,POSITIVE,NEGATIVE,NEUTRAL,NEGATIVE,NEUTRAL,NEUTRAL,True
Manager killed 10 employees at checkers on 183st and 27ave,Story about Checkers shooting came from fake news generating website,NEGATIVE,NEGATIVE,POSITIVE,POSITIVE,NEGATIVE,NEGATIVE,NEUTRAL,NEUTRAL,True
NASA ANNOUNCED THAT IT COMMUNICATED WITH FOUR RACES OF ALIENS,Fact check: False claim that a NASA spokesperson admitted alien civilizations exist,POSITIVE,NEGATIVE,POSITIVE,NEUTRAL,NEGATIVE,NEGATIVE,NEUTRAL,NEUTRAL,True
BREAKING NEWS: Prince William and Harry donates $100 million to Hurricane Harvey Victims,Celebrity donations of tens of millions of dollars to Harvey victims are fake news,POSITIVE,NEGATIVE,POSITIVE,NEUTRAL,NEGATIVE,NEGATIVE,NEUTRAL,NEUTRAL,True
Jason Aldean Gig Canceled After He Sells Out To Liberals On SNL,Fake News: Jason Aldean Gig NOT Canceled After He Sells Out To Liberals On SNL,NEGATIVE,NEGATIVE,POSITIVE,NEUTRAL,NEGATIVE,NEGATIVE,NEUTRAL,NEUTRAL,True
Trump Orders 13 Obama Deep State Operatives Arrested For Treason,Fake news claim: Trump arrests top Obama officials for treason ,NEGATIVE,NEGATIVE,NEUTRAL,NEUTRAL,NEGATIVE,NEGATIVE,NEUTRAL,NEUTRAL,True
REPORT: Kim Jong Un Killed In Trump‚Äôs Overnight Black Op Attack On North Korea -,Fake news site posts that North Korea‚Äôs Kim Jong Un is dead for second time in a month ,NEGATIVE,NEGATIVE,POSITIVE,POSITIVE,NEGATIVE,NEGATIVE,NEUTRAL,NEUTRAL,True
BREAKING! Roy Moore‚Äôs Accuser Worked for Democratic Leaders and Is Actively Campaigning for Moore‚Äôs Opponent ‚ãÜ Activist Mommy,"Blogger misleads in post tying a Roy Moore accuser to Democrats, Doug Jones ",NEGATIVE,NEGATIVE,NEUTRAL,POSITIVE,NEGATIVE,NEGATIVE,NEUTRAL,NEUTRAL,False
Civil War Erupts In Sweden as Irate Swedes Burn Nine Muslim Refugee Centers to the Ground,Fake News: Civil War Did NOT Erupt In Sweden; Irate Swedes Did NOT Burn Nine Muslim Refugee Centers to the Ground (Again...),NEGATIVE,NEGATIVE,POSITIVE,NEUTRAL,NEGATIVE,NEGATIVE,NEUTRAL,NEUTRAL,True
Kurt Russel Just SHOWED Overpaid Celebs It‚Äôs Time To Shut Up About Trump ‚Äì Hits Them Where It Hurts!,Story takes actor Kurt Russell's comments about politics out of context ,NEGATIVE,NEGATIVE,NEUTRAL,NEUTRAL,NEGATIVE,POSITIVE,NEUTRAL,NEUTRAL,False
Trump‚Äôs Top Scientist Pick: ‚ÄúScientists Are Just Dumb Regular People That Think Dinosaurs Existed And The Earth Is Getting Warmer‚Äù,Fake Dig at ‚ÄòDumb‚Äô Scientists,NEGATIVE,NEGATIVE,POSITIVE,NEGATIVE,NEGATIVE,NEGATIVE,NEUTRAL,NEUTRAL,True
STUNNING! Democrats BOO and GROAN at Trump Mention of Murder Victims of MS-13 Killers (VIDEO),Fake story says Democrats booed families of MS13 victims at State of the Union ,NEGATIVE,NEGATIVE,POSITIVE,NEGATIVE,NEGATIVE,NEGATIVE,NEUTRAL,NEUTRAL,True
BREAKING ObamaLed UN Has Just Made It Official US To Immediately Pay Blacks ‚ÄòReparations‚Äô,AP FACT CHECK: UN didn‚Äôt order US to pay slavery reparations,NEGATIVE,NEGATIVE,NEUTRAL,NEUTRAL,POSITIVE,NEGATIVE,NEUTRAL,NEUTRAL,False
"NASA Will Pay You $100,000 To Stay In Bed For 60 Days!","Don‚Äôt believe that NASA will pay you $100,000 to stay in bed",NEGATIVE,NEGATIVE,NEUTRAL,NEUTRAL,NEGATIVE,NEGATIVE,NEUTRAL,NEUTRAL,False
"Whoopi Goldberg Humiliated, Handcuffed And Dragged Out Of The TV Studio",Fake news wrongly says Whoopi Goldberg arrested for running puppy mill,NEGATIVE,NEGATIVE,POSITIVE,NEUTRAL,NEGATIVE,NEGATIVE,NEUTRAL,NEUTRAL,True
Alabama football Crimson Tide disqualified from national championship,Fake News Story Claims Alabama Has Been 'Disqualified' From National Championship,NEGATIVE,NEGATIVE,POSITIVE,NEUTRAL,NEGATIVE,NEGATIVE,NEUTRAL,NEUTRAL,True
"Georgia Mosque KEEPS Hurricane Harvey Donations, Will Send To Syrian Refugees Instead","Fake News: Georgia Mosque Did NOT Keep Hurricane Harvey Donations, Will NOT Send To Syrian Refugees Instead",NEGATIVE,NEGATIVE,POSITIVE,NEUTRAL,POSITIVE,NEGATIVE,NEUTRAL,NEUTRAL,True
World's most popular candy to be removed from shelves by October 2017!,"No, Reese's Peanut Butter Cups are not going away next month",NEGATIVE,POSITIVE,NEUTRAL,NEGATIVE,POSITIVE,NEUTRAL,NEUTRAL,NEUTRAL,True
BREAKING: Black Hockey Player FIRED After Raising Fist During National Anthem,Fake news: Tampa Bay Lightning fires black player for raising fist during anthem ,NEGATIVE,NEGATIVE,POSITIVE,POSITIVE,NEGATIVE,NEGATIVE,NEUTRAL,NEUTRAL,True
Donald Trump Dead From A Fatal HEART ATTACK! ‚Äî Steemit,"CNN did not report Trump died on Nov. 1, 2022",NEGATIVE,NEGATIVE,NEUTRAL,POSITIVE,NEGATIVE,POSITIVE,NEUTRAL,NEUTRAL,False
Red Hen Owner Just Issued Sick Threat To Sarah Sanders After Biz Was Destroyed By Booting Her,"No, Red Hen owner didn't threaten Sarah Huckabee Sanders ",NEGATIVE,POSITIVE,NEUTRAL,POSITIVE,NEGATIVE,POSITIVE,NEUTRAL,NEUTRAL,True
Man Loses His Testicles After Attempting To Smoke Weed Through A Scuba Tank,AP FACT CHECK: Man not hurt trying to show off ‚Äòscuba bong‚Äô,NEGATIVE,NEGATIVE,NEUTRAL,POSITIVE,NEGATIVE,POSITIVE,NEUTRAL,NEUTRAL,False
"Emma Gonzalez Bullied School Shooter, Isn‚Äôt Sorry; Then Retweets Message Blaming ‚ÄúWhite Boys‚Äô Entitlement‚Äù As Cause Of All School Shootings","No, Emma Gonzalez did not admit to bullying Parkland shooter at a rally ",NEGATIVE,NEGATIVE,NEUTRAL,POSITIVE,NEGATIVE,POSITIVE,NEUTRAL,NEUTRAL,True
‚ÄúGay People Should Wear Specially-Colored Clothes To Warn Straight People‚Äù,Fake news: Pat Robertson did NOT say gays should wear specially-colored clothes ,NEGATIVE,NEGATIVE,POSITIVE,NEGATIVE,NEGATIVE,NEGATIVE,NEUTRAL,NEUTRAL,True
WE CALLED IT! Gloria Allred Accuser **ADMITS** She Tampered With Roy Moore's Yearbook 'Signature' (VIDEO),"No, Roy Moore accuser didn't admit she forged his signature in her yearbook",NEGATIVE,NEGATIVE,NEUTRAL,NEUTRAL,NEGATIVE,POSITIVE,NEUTRAL,NEUTRAL,True
SMOKING GUN=> San Juan Teamsters Didn't Show Up for Work to Distribute Relief Supplies,Fake news posts blame Puerto Rico's truck drivers for refusing to ship relief supplies ,NEGATIVE,NEGATIVE,POSITIVE,NEUTRAL,NEGATIVE,NEGATIVE,NEUTRAL,NEUTRAL,True
"First family visits D.C. shelter, highlights homeless veterans‚Äô plight","No veteran is homeless in Montgomery County, officials announce",POSITIVE,POSITIVE,NEUTRAL,NEGATIVE,NEUTRAL,POSITIVE,NEUTRAL,NEUTRAL,True
Hillary In Hiding As Police Discover Dead Body Hidden In Huma Abedin‚Äôs Dumpster,"Misleading headline connects Clinton, Abedin to New York woman's death ",NEGATIVE,NEGATIVE,NEGATIVE,POSITIVE,NEGATIVE,NEGATIVE,NEUTRAL,NEUTRAL,False
 Breaking President Trump makes English the official language of the United States,FYI: English isn‚Äôt the official language of the United States ,POSITIVE,NEGATIVE,NEUTRAL,NEUTRAL,POSITIVE,POSITIVE,NEUTRAL,NEUTRAL,False
UPDATE: Florida Governor Rick Scott Now Listed As &#8216;Critical&#8217; After Bizarre Hurricane Cleanup Accident,FAKE NEWS: Rick Scott is NOT in critical condition at the hospital,NEGATIVE,NEGATIVE,POSITIVE,NEGATIVE,NEGATIVE,POSITIVE,NEUTRAL,NEUTRAL,True
 BREAKING Muslims‚Äô Disturbing Plan Comes Out After Grocery Stores Go Bare To Prepare For Irma,"Freedom Daily misleads about potential food poisoning at grocery stores, Hurricane Irma ",NEGATIVE,NEGATIVE,NEUTRAL,POSITIVE,NEGATIVE,NEGATIVE,NEUTRAL,NEUTRAL,False
Leonardo DiCaprio Tells President Obama That He's Going to Mars,Leonardo DiCaprio was joking about wanting to go to Mars as soon as possible,POSITIVE,NEGATIVE,NEUTRAL,NEUTRAL,NEUTRAL,POSITIVE,NEUTRAL,NEUTRAL,False
Prince William May Not Attend Royal Wedding Leaving Harry Without a Best Man; Princess Diana Would Not Be Happy,"Prince William plans to go to royal wedding, contrary to speculative report ",NEGATIVE,POSITIVE,NEUTRAL,NEGATIVE,NEGATIVE,NEGATIVE,NEUTRAL,NEUTRAL,False
Hurricane Irene: ‚ÄòPhoto‚Äô of shark swimming in street is fake,Fact check: Photo of shark on a flooded highway is faked,NEGATIVE,NEGATIVE,NEUTRAL,POSITIVE,NEGATIVE,NEGATIVE,NEUTRAL,NEUTRAL,True
BREAKING: Conservative Icon Ted Nugent Killed In Hunting Accident,Fake News: Conservative Icon Ted Nugent NOT Killed In Hunting Accident,NEGATIVE,NEGATIVE,POSITIVE,POSITIVE,NEGATIVE,POSITIVE,NEUTRAL,NEUTRAL,True
Jimmy Carter: ‚ÄúMedical Marijuana Cured My Cancer‚Äù,Bogus claim that Jimmy Carter credits marijuana for curing his cancer is all smoke,POSITIVE,NEGATIVE,NEUTRAL,NEUTRAL,NEGATIVE,NEGATIVE,NEUTRAL,NEUTRAL,False
"Obama, Not Donald Trump, May Be Invited to Royal Wedding of Prince Harry and Meghan Markle","Trumps, Obamas not invited to wedding of Prince Harry and Meghan Markle",NEGATIVE,NEGATIVE,NEUTRAL,NEUTRAL,POSITIVE,POSITIVE,NEUTRAL,NEUTRAL,False
"Seattle Police Begin Gun Confiscations: No Laws Broken, No Warrant, No Charges","No, Seattle police didn't use a 'red flag' law to seize a man's gun with no warrant",NEGATIVE,NEGATIVE,NEUTRAL,POSITIVE,POSITIVE,NEGATIVE,NEUTRAL,NEUTRAL,True
Post claiming free tickets on Allegiant Air,"No, Allegiant Air is NOT Giving Everyone Free Plane Tickets",NEGATIVE,NEGATIVE,NEGATIVE,NEGATIVE,POSITIVE,NEGATIVE,NEUTRAL,NEUTRAL,True
British Politician Beaten by Protestors for 'Welcoming Trump to the UK',No evidence of political motives in ambassador attack,NEGATIVE,NEGATIVE,NEUTRAL,NEUTRAL,NEUTRAL,NEGATIVE,NEUTRAL,NEUTRAL,True
"Executive Order Leads to Capture of ISIS Leader, Rasheed Muhammad","No, Trump's Executive Order Didn't Lead to Capture of ISIS Leader",POSITIVE,NEGATIVE,NEUTRAL,NEUTRAL,POSITIVE,NEGATIVE,NEUTRAL,NEUTRAL,True
Chinese Lunar Rover Finds No Evidence Of American Moon Landings,It's fake news that the United States didn't land on the moon ,NEGATIVE,NEGATIVE,POSITIVE,NEUTRAL,NEUTRAL,NEGATIVE,NEUTRAL,NEUTRAL,True
WHOA! YouTube Witness Makes SHOCKING Admission On LIVE TV! CNN PULLS PLUG IMMEDIATELY! ‚Äî ShareRED,"Fake news says CNN ""pulled the plug"" during YouTube shooting coverage ",NEGATIVE,NEGATIVE,POSITIVE,POSITIVE,POSITIVE,NEGATIVE,NEUTRAL,NEUTRAL,True
THIS ARTICLE RETRACTED: Red Crescent Says No Evidence of Chemical Attack in Syria‚Äôs Douma,"Syrian Red Crescent did NOT deny chemical attack in Douma, Syria ",NEGATIVE,NEGATIVE,NEUTRAL,NEUTRAL,POSITIVE,POSITIVE,NEUTRAL,NEUTRAL,False
Maxine Waters Is Getting Criminally Charged!,No New Charges for Maxine Waters,NEGATIVE,POSITIVE,POSITIVE,POSITIVE,NEGATIVE,POSITIVE,NEUTRAL,NEUTRAL,True
 Actress Emma Stone ‚ÄòFor the first time in history we have a president that‚Ä¶,Emma Stone Didn‚Äôt Commend Trump,POSITIVE,NEGATIVE,NEUTRAL,NEGATIVE,NEUTRAL,POSITIVE,NEUTRAL,NEUTRAL,False
 What Adam Sandler is saying about Mormons,"Fake news sites say celebrities praise Mormons, but quotes are made up",NEGATIVE,NEGATIVE,POSITIVE,NEUTRAL,NEUTRAL,POSITIVE,NEUTRAL,NEUTRAL,True
"Hurricane Irma: If There Was Such A Thing As A Category 6 Hurricane, This Would Be It","No, Hurricane Irma is not a Category 6 storm -- there is no Category 6",POSITIVE,NEGATIVE,NEUTRAL,NEUTRAL,NEUTRAL,NEUTRAL,NEUTRAL,NEUTRAL,True
BREAKING: PUTIN INTERFERENCE COULD GIVE COURTS LEGAL RIGHT TO MAKE HILLARY PRESIDENT,Website hypes long-shot theory about courts replacing Donald Trump with Hillary Clinton ,NEGATIVE,NEGATIVE,NEUTRAL,NEGATIVE,POSITIVE,NEGATIVE,NEUTRAL,NEUTRAL,False
Texas Church Shooter Was Antifa Member Who Vowed To Start Civil War,Fake news: Church gunman was anti-fascist seeking ‚Äòcommunist‚Äô uprising,NEGATIVE,NEGATIVE,POSITIVE,NEUTRAL,NEGATIVE,NEGATIVE,NEUTRAL,NEUTRAL,True
Australia Becomes First Country To Begin Microchipping Its Citizens,"No, the Australian government is not installing microchips in citizens ",NEGATIVE,NEGATIVE,NEUTRAL,NEGATIVE,NEUTRAL,NEUTRAL,NEUTRAL,NEUTRAL,True
Washington State Legislature votes to change its name because George Washington owned Slaves,"No, Washington state did not change its name because George Washington owned slaves",NEGATIVE,NEGATIVE,NEUTRAL,NEUTRAL,NEGATIVE,POSITIVE,NEUTRAL,NEUTRAL,True
"Legendary Actor Kirk Douglas Dead, 4 Days Before His 101st Birthday",Fake news circulates death hoax about Kirk Douglas ,NEGATIVE,NEGATIVE,POSITIVE,NEGATIVE,NEGATIVE,NEGATIVE,NEUTRAL,NEUTRAL,True
"300,000 Pounds of Counterfeit Rat Meat Has Been Sold as Chicken Wings in The U.S.",NOT REAL NEWS: FDA didn‚Äôt warn about rat-meat chicken wings,NEGATIVE,NEGATIVE,POSITIVE,POSITIVE,POSITIVE,POSITIVE,NEUTRAL,NEUTRAL,False
Tulsa School closes after brutal fire.,User-generated prank post falsely says Tulsa high school burned down,NEGATIVE,NEGATIVE,POSITIVE,POSITIVE,NEGATIVE,NEUTRAL,NEUTRAL,NEUTRAL,True
WE WILL RIOT! Michelle Obama‚Äôs Mom Will Receive $160k Every Year Out Of Taxpayers‚Äô Pockets!,"No, Michelle Obama's Mom Will Not Receive a Pension for Living in the White House",NEGATIVE,NEGATIVE,NEUTRAL,NEUTRAL,NEGATIVE,NEGATIVE,NEUTRAL,NEUTRAL,True
BREAKING: Laura Ingraham Just Fired!!,Fox News has not fired Laura Ingraham,NEGATIVE,NEGATIVE,NEUTRAL,NEUTRAL,NEGATIVE,POSITIVE,NEUTRAL,NEUTRAL,False
JUST IN TODAY: Trey Gowdy Is The NEW DIRECTOR Of The FBI!,Trey Gowdy drops out of running for FBI Director,POSITIVE,NEGATIVE,NEUTRAL,NEGATIVE,NEUTRAL,NEGATIVE,NEUTRAL,NEUTRAL,False
Fox News accidentally puts up a poll graphic that shows how they are the least trusted network,"No, Fox News did not put up graphic showing it was the least trusted network",NEGATIVE,NEGATIVE,POSITIVE,POSITIVE,NEGATIVE,NEGATIVE,NEUTRAL,NEUTRAL,True
USDA approves slaughterhouses producing horse meat for human consumption,"No, the government has not approved human consumption of horse meat",POSITIVE,NEGATIVE,NEUTRAL,NEUTRAL,POSITIVE,NEGATIVE,NEUTRAL,NEUTRAL,True
Bowe Bergdahl wanders off during court-martial ‚Äî Duffel Blog,"No, Bowe Bergdahl didn't wander off during court ",NEGATIVE,NEGATIVE,NEUTRAL,NEUTRAL,NEUTRAL,NEUTRAL,NEUTRAL,NEUTRAL,True
"ISIS Lays Down Arms After Katy Perry‚Äôs Impassioned Plea To ‚ÄòLike, Just Co-Exist‚Äô","No, ISIS didn't lay down its arms after Katy Perry encouraged world peace ",NEGATIVE,NEGATIVE,POSITIVE,POSITIVE,POSITIVE,NEGATIVE,NEUTRAL,NEUTRAL,True
International Arrest Warrant Issued for George Soros,The Russian Government did not issue an arrest warrant against the U.S. billionaire George Soros,NEGATIVE,NEGATIVE,POSITIVE,POSITIVE,NEGATIVE,POSITIVE,NEUTRAL,NEUTRAL,False
Police Discover Meth Lab In Back Room of Alabama Walmart,Meth lab in Walmart bathroom? Not the oddest place one found,NEGATIVE,POSITIVE,NEUTRAL,NEUTRAL,POSITIVE,NEUTRAL,NEUTRAL,NEUTRAL,False
Sarah Palin Calls To Boycott Mall Of America Because ‚ÄúSanta Was Always White In The Bible‚Äù,Fake news site says Sarah Palin to boycott Mall of America over black Santa,NEGATIVE,NEGATIVE,POSITIVE,NEUTRAL,NEGATIVE,NEGATIVE,NEUTRAL,NEUTRAL,True
